NickName,NO.,DRIVER,P1_Pos,P1_Time,P1_Laps,P2_Pos,P2_Time,P2_Laps,P3_Pos,P3_Time,P3_Laps,Qualifying_Pos,TEAM,Q1,Q2,Q3,Qualifying_Laps,Starting_Grid_Pos,Starting_Grid_Time,Race_Result_Pos,Race_Result_Laps,Race_Result_Time,Race_Result_Pts,Fastest_Lap_Pos,Fastest_Lap,Fastest_Lap_Time_Day,Fastest_Lap_Time,Fastest_Lap_AvgSpeed,GP,Sprint_Pos,Sprint_Laps,Sprint_Time,Sprint_Pts,Sprint_Grid_Pos,Sprint_Grid_Time,Sprint_Qualifying_Pos,Sprint_Qualifying_Q1,Sprint_Qualifying_Q2,Sprint_Qualifying_Q3,Sprint_Qualifying_Laps,Total Pts.
ALB,23,Alexander Albon,6,+0.461s,18,12,+0.863s,28,7,+0.337s,21,6,Williams,01:16.2,01:16.0,01:15.7,21,6,01:15.7,5,57,+12.773s,10,8,43,16:35:35,01:24.6,224.603,R1_australia_2025,,,,,,,,,,,,10
ALO,14,Fernando Alonso,8,+0.484s,23,13,+0.891s,27,17,+1.349s,22,12,Aston Martin,01:16.3,01:16.5,0,13,12,01:16.5,NC,32,DNF,0,17,32,16:14:07,01:28.8,213.927,R1_australia_2025,,,,,,,,,,,,0
ANT,12,Kimi Antonelli,14,+1.138s,25,16,+1.195s,31,5,+0.285s,20,16,Mercedes,01:16.5,0,0,9,16,01:16.5,4,57,+10.135s,12,9,43,16:35:37,01:24.9,223.799,R1_australia_2025,,,,,,,,,,,,12
BEA,87,Oliver Bearman,20,+2.060s,12,0,0,0,19,0,2,NC,Haas,DNS,0,0,1,20,0,14,57,+40.351s,0,16,42,16:35:15,01:27.6,216.896,R1_australia_2025,,,,,,,,,,,,0
BOR,5,Gabriel Bortoleto,15,+1.186s,22,18,+1.408s,29,11,+0.786s,18,15,Kick Sauber,01:16.5,01:17.5,0,13,15,01:17.5,NC,45,DNF,0,5,43,16:35:49,01:24.2,225.684,R1_australia_2025,,,,,,,,,,,,0
DOO,7,Jack Doohan,13,+0.980s,20,14,+0.955s,30,15,+1.072s,18,14,Alpine,01:16.3,01:16.9,0,15,14,01:16.9,NC,0,DNF,0,0,0,0,0,0,R1_australia_2025,,,,,,,,,,,,0
GAS,10,Pierre Gasly,17,+1.253s,23,15,+1.054s,30,12,+0.798s,22,9,Alpine,01:16.3,01:16.1,01:16.0,21,9,01:16.0,11,57,+26.502s,0,10,43,16:35:37,01:25.0,223.486,R1_australia_2025,,,,,,,,,,,,0
HAD,6,Isack Hadjar,9,+0.595s,25,6,+0.580s,30,13,+0.811s,18,11,Racing Bulls,01:16.4,01:16.2,0,12,11,01:16.2,NC,0,DNS,0,0,0,0,0,0,R1_australia_2025,,,,,,,,,,,,0
HAM,44,Lewis Hamilton,12,+0.819s,20,5,+0.420s,31,8,+0.457s,21,8,Ferrari,01:16.2,01:15.9,01:16.0,23,8,01:16.0,10,57,+22.473s,1,7,43,16:35:35,01:24.2,225.614,R1_australia_2025,,,,,,,,,,,,1
HUL,27,Nico Hulkenberg,18,+1.334s,18,8,+0.722s,24,16,+1.225s,15,17,Kick Sauber,01:16.6,0,0,9,17,01:16.6,7,57,+18.423s,6,12,43,16:35:39,01:25.2,222.901,R1_australia_2025,,,,,,,,,,,,6
LAW,30,Liam Lawson,16,+1.203s,22,17,+1.201s,30,20,0,2,18,Red Bull Racing,01:17.1,0,0,7,18,01:17.1,NC,46,DNF,0,2,43,16:35:49,01:23.0,229.008,R1_australia_2025,,,,,,,,,,,,0
LEC,16,Charles Leclerc,3,+0.209s,21,1,01:16.4,32,4,+0.267s,22,7,Ferrari,01:16.0,01:15.8,01:15.8,20,7,01:15.8,8,57,+19.826s,4,13,43,16:35:34,01:25.3,222.828,R1_australia_2025,,,,,,,,,,,,4
NOR,4,Lando Norris,1,01:17.3,21,3,+0.141s,30,10,+0.676s,20,1,McLaren,01:15.9,01:15.4,01:15.1,20,1,01:15.1,1,57,42:06.3,25,1,43,16:35:25,01:22.2,231.246,R1_australia_2025,,,,,,,,,,,,25
OCO,31,Esteban Ocon,19,+1.887s,16,19,+1.595s,31,18,+1.452s,18,19,Haas,01:17.1,0,0,9,19,01:17.1,13,57,+33.161s,0,15,42,16:34:54,01:26.8,218.994,R1_australia_2025,,,,,,,,,,,,0
PIA,81,Oscar Piastri,4,+0.418s,20,2,+0.124s,30,1,01:15.9,16,2,McLaren,01:16.1,01:15.5,01:15.2,18,2,01:15.2,9,57,+20.448s,2,4,43,16:35:28,01:23.2,228.259,R1_australia_2025,,,,,,,,,,,,2
RUS,63,George Russell,7,+0.464s,26,10,+0.843s,30,2,+0.039s,17,4,Mercedes,01:16.0,01:15.8,01:15.5,21,4,01:15.5,3,57,+8.481s,15,11,43,16:35:33,01:25.1,223.368,R1_australia_2025,,,,,,,,,,,,15
SAI,55,Carlos Sainz,2,+0.149s,25,11,+0.863s,30,6,+0.331s,23,10,Williams,01:16.4,01:15.9,01:16.1,21,10,01:16.1,NC,0,DNF,0,0,0,0,0,0,R1_australia_2025,,,,,,,,,,,,0
STR,18,Lance Stroll,10,+0.805s,20,9,+0.840s,28,14,+1.027s,22,13,Aston Martin,01:16.4,01:16.5,0,15,13,01:16.5,6,57,+17.413s,8,14,43,16:35:39,01:25.5,222.132,R1_australia_2025,,,,,,,,,,,,8
TSU,22,Yuki Tsunoda,11,+0.809s,23,4,+0.345s,29,9,+0.534s,17,5,Racing Bulls,01:16.2,01:16.0,01:15.7,18,5,01:15.7,12,57,+29.884s,0,6,43,16:35:34,01:24.2,225.678,R1_australia_2025,,,,,,,,,,,,0
VER,1,Max Verstappen,5,+0.444s,21,7,+0.624s,22,3,+0.081s,18,3,Red Bull Racing,01:16.0,01:15.6,01:15.5,17,3,01:15.5,2,57,+0.895s,18,3,43,16:35:29,01:23.1,228.702,R1_australia_2025,,,,,,,,,,,,18
ALB,23,Alexander Albon,7,+1.183s,24,,,,,,,10,Williams,01:31.5,01:31.6,01:31.7,20,10,01:31.7,7,56,+56.321s,6,12,52,16:29:03,01:36.3,203.873,R2_china_2025,11,19,+39.292s,0,9,01:31.9,9,01:32.5,01:31.5,01:31.9,14,6
ALO,14,Fernando Alonso,8,+1.262s,23,,,,,,,13,Aston Martin,01:31.7,01:31.7,0,15,13,01:31.7,NC,4,DNF,0,17,3,15:08:43,01:39.3,197.706,R2_china_2025,10,19,+38.218s,0,11,01:31.8,11,01:32.1,01:31.8,0,8,0
ANT,12,Kimi Antonelli,9,+1.370s,27,,,,,,,8,Mercedes,01:31.7,01:31.6,01:31.1,22,8,01:31.1,6,56,+53.748s,8,11,56,16:35:27,01:36.0,204.314,R2_china_2025,7,19,+23.038s,2,7,01:31.7,7,01:32.0,01:31.5,01:31.7,17,10
BEA,87,Oliver Bearman,11,+1.463s,23,,,,,,,17,Haas,01:32.0,0,0,8,17,01:32.0,8,56,+61.303s,4,13,52,16:29:08,01:36.4,203.642,R2_china_2025,15,19,+45.649s,0,12,01:32.0,12,01:32.3,01:32.0,0,9,4
BOR,5,Gabriel Bortoleto,19,+2.318s,24,,,,,,,19,Kick Sauber,01:32.1,0,0,9,19,01:32.1,14,55,+1 lap,0,8,28,15:50:56,01:35.9,204.681,R2_china_2025,18,19,+53.940s,0,14,01:32.6,14,01:32.5,01:32.6,0,12,0
DOO,7,Jack Doohan,20,+2.419s,17,,,,,,,18,Alpine,01:32.1,0,0,8,18,01:32.1,13,56,+88.401s,0,14,52,16:29:23,01:36.4,203.513,R2_china_2025,20,19,+70.212s,0,16,01:32.6,16,01:32.6,0,0,6,0
GAS,10,Pierre Gasly,14,+1.619s,23,,,,,,,16,Alpine,01:32.0,0,0,9,16,01:32.0,DQ,0,DSQ,0,20,49,16:24:22,01:36.4,203.511,R2_china_2025,12,19,+39.649s,0,17,01:32.6,17,01:32.6,0,0,6,0
HAD,6,Isack Hadjar,17,+1.881s,23,,,,,,,7,Racing Bulls,01:31.2,01:31.3,01:31.1,20,7,01:31.1,11,56,+78.875s,0,6,35,16:01:54,01:35.9,204.693,R2_china_2025,13,19,+42.400s,0,15,0,15,01:32.2,DNF,0,8,0
HAM,44,Lewis Hamilton,4,+0.691s,22,,,,,,,5,Ferrari,01:31.7,01:31.5,01:30.9,21,5,01:30.9,DQ,0,DSQ,0,18,41,16:11:07,01:35.1,206.414,R2_china_2025,1,19,30:40.0,8,1,01:30.8,1,01:31.2,01:31.4,01:30.8,15,8
HUL,27,Nico Hulkenberg,6,+1.003s,21,,,,,,,12,Kick Sauber,01:31.9,01:31.6,0,15,12,01:31.6,15,55,+1 lap,0,16,35,16:02:07,01:37.3,201.733,R2_china_2025,19,19,+56.682s,0,20,01:32.7,19,01:32.7,0,0,6,0
LAW,30,Liam Lawson,18,+2.127s,23,,,,,,,20,Red Bull Racing,01:32.2,0,0,8,20,01:32.2,12,56,+81.147s,0,9,32,15:57:12,01:36.0,204.444,R2_china_2025,14,19,+44.904s,0,19,01:32.7,20,01:32.7,0,0,5,0
LEC,16,Charles Leclerc,2,+0.454s,21,,,,,,,6,Ferrari,01:31.6,01:31.5,01:31.0,21,6,01:31.0,DQ,0,DSQ,0,19,49,16:23:36,01:36.2,204.078,R2_china_2025,5,19,+12.190s,4,4,01:31.1,4,01:31.5,01:31.6,01:31.1,15,4
NOR,4,Lando Norris,1,01:31.5,23,,,,,,,3,McLaren,01:31.0,01:30.8,01:30.8,17,3,01:30.8,2,56,+9.748s,18,1,53,16:29:48,01:35.5,205.581,R2_china_2025,8,19,+23.471s,1,6,01:31.4,6,01:31.4,01:31.2,01:31.4,13,19
OCO,31,Esteban Ocon,13,+1.552s,23,,,,,,,11,Haas,01:31.9,01:31.6,0,15,11,01:31.6,5,56,+49.969s,10,4,56,16:35:23,01:35.7,204.967,R2_china_2025,16,19,+46.182s,0,18,01:32.7,18,01:32.7,0,0,6,10
PIA,81,Oscar Piastri,3,+0.649s,24,,,,,,,1,McLaren,01:31.6,01:31.2,01:30.6,20,1,01:30.6,1,56,30:55.0,25,3,53,16:29:45,01:35.5,205.439,R2_china_2025,2,19,+6.889s,7,3,01:30.9,3,01:31.7,01:31.4,01:30.9,13,32
RUS,63,George Russell,5,+0.873s,26,,,,,,,2,Mercedes,01:31.3,01:31.3,01:30.7,22,2,01:30.7,3,56,+11.097s,15,5,55,16:33:08,01:35.8,204.805,R2_china_2025,4,19,+11.592s,5,5,01:31.2,5,01:32.0,01:31.3,01:31.2,18,20
SAI,55,Carlos Sainz,15,+1.641s,26,,,,,,,15,Williams,01:31.6,01:31.8,0,15,15,01:31.8,10,56,+76.387s,1,15,50,16:26:06,01:36.8,202.767,R2_china_2025,17,19,+51.376s,0,13,01:32.3,13,01:32.5,01:32.3,0,10,1
STR,18,Lance Stroll,12,+1.480s,19,,,,,,,14,Aston Martin,01:31.9,01:31.8,0,15,14,01:31.8,9,56,+70.204s,2,10,39,16:08:17,01:36.0,204.318,R2_china_2025,9,19,+24.916s,0,10,01:32.0,10,01:32.3,01:31.7,01:32.0,12,2
TSU,22,Yuki Tsunoda,10,+1.430s,23,,,,,,,9,Racing Bulls,01:31.2,01:31.3,01:31.6,19,9,01:31.6,16,55,+1 lap,0,7,49,16:25:16,01:35.9,204.687,R2_china_2025,6,19,+22.288s,3,8,01:31.8,8,01:32.3,01:31.8,01:31.8,12,3
VER,1,Max Verstappen,16,+1.780s,24,,,,,,,4,Red Bull Racing,01:31.4,01:31.1,01:30.8,15,4,01:30.8,4,56,+16.656s,12,2,56,16:34:50,01:35.5,205.508,R2_china_2025,3,19,+9.804s,6,2,01:30.9,2,01:31.9,01:31.5,01:30.9,12,18
ALB,23,Alexander Albon,11,+0.843s,25,11,+0.909s,11,7,+0.589s,19,9,Williams,01:28.2,01:27.8,01:27.6,20,9,01:27.6,9,53,+40.367s,2,6,52,15:25:03,01:31.1,229.412,R3_japan_2025,,,,,,,,,,,,2
ALO,14,Fernando Alonso,7,+0.673s,25,17,+1.864s,5,15,+1.807s,17,13,Aston Martin,01:28.3,01:27.9,0,12,0,0,11,53,+57.333s,0,11,51,15:23:46,01:31.8,227.799,R3_japan_2025,,,,,,,,,,,,0
ALO,55,Fernando Alonso,0,0,0,0,0,0,0,0,0,0,Aston Martin,0,0,0,0,12,01:27.9,0,0,0,0,0,0,0,0,0,R3_japan_2025,,,,,,,,,,,,0
ANT,12,Kimi Antonelli,9,+0.735s,28,16,+1.619s,13,13,+1.161s,20,6,Mercedes,01:28.0,01:27.6,01:27.6,18,6,01:27.6,6,53,+18.671s,8,1,50,15:21:38,01:31.0,229.815,R3_japan_2025,,,,,,,,,,,,8
BEA,87,Oliver Bearman,18,+1.528s,17,15,+1.540s,10,16,+2.119s,17,10,Haas,01:28.2,01:27.7,01:27.9,21,10,01:27.9,10,53,+54.529s,1,15,49,15:20:39,01:32.0,227.215,R3_japan_2025,,,,,,,,,,,,1
BOR,5,Gabriel Bortoleto,20,+1.598s,26,13,+1.221s,13,17,+2.169s,13,17,Kick Sauber,01:28.6,0,0,9,17,01:28.6,19,53,+83.897s,0,16,45,15:14:57,01:32.0,227.146,R3_japan_2025,,,,,,,,,,,,0
DOO,7,Jack Doohan,0,0,0,20,+3.545s,4,14,+1.802s,15,19,Alpine,01:28.9,0,0,9,19,01:28.9,15,53,+81.314s,0,20,47,15:17:56,01:32.7,225.551,R3_japan_2025,,,,,,,,,,,,0
GAS,10,Pierre Gasly,14,+0.998s,23,9,+0.643s,13,8,+0.638s,15,11,Alpine,01:28.2,01:27.8,0,12,11,01:27.8,13,53,+62.122s,0,12,52,15:25:22,01:31.8,227.675,R3_japan_2025,,,,,,,,,,,,0
HAD,6,Isack Hadjar,8,+0.676s,28,3,+0.404s,12,10,+0.821s,16,7,Racing Bulls,01:28.3,01:27.8,01:27.6,18,7,01:27.6,8,53,+37.134s,4,7,52,15:24:59,01:31.3,228.929,R3_japan_2025,,,,,,,,,,,,4
HAM,44,Lewis Hamilton,4,+0.502s,25,4,+0.430s,14,6,+0.559s,13,8,Ferrari,01:27.9,01:27.6,01:27.6,23,8,01:27.6,7,53,+29.182s,6,9,51,15:23:19,01:31.4,228.707,R3_japan_2025,,,,,,,,,,,,6
HIR,62,Ryo Hirakawa,12,+0.845s,24,0,0,0,0,0,0,0,Alpine,0,0,0,0,0,0,0,0,0,0,0,0,0,0,0,R3_japan_2025,,,,,,,,,,,,0
HUL,27,Nico Hulkenberg,17,+1.474s,21,12,+0.948s,12,20,+2.656s,17,16,Kick Sauber,01:28.6,0,0,9,16,01:28.6,16,53,+81.957s,0,19,31,14:53:08,01:32.6,225.826,R3_japan_2025,,,,,,,,,,,,0
LAW,14,Liam Lawson,0,0,0,0,0,0,0,0,0,0,Red Bull Racing,0,0,0,0,13,01:27.9,0,0,0,0,0,0,0,0,0,R3_japan_2025,,,,,,,,,,,,0
LAW,30,Liam Lawson,13,+0.987s,28,5,+0.445s,13,12,+1.139s,19,14,Racing Bulls,01:28.6,01:27.9,0,12,0,0,17,53,+82.734s,0,17,39,15:05:39,01:32.0,227.124,R3_japan_2025,,,,,,,,,,,,0
LEC,16,Charles Leclerc,3,+0.416s,27,7,+0.472s,14,4,+0.449s,13,4,Ferrari,01:27.9,01:27.6,01:27.3,21,4,01:27.3,4,53,+16.097s,12,10,47,15:16:59,01:31.5,228.549,R3_japan_2025,,,,,,,,,,,,12
NOR,4,Lando Norris,1,01:28.5,24,2,+0.049s,12,1,01:28.0,17,2,McLaren,01:27.8,01:27.1,01:27.0,15,2,01:27.0,2,53,+1.423s,18,5,51,15:22:52,01:31.1,229.435,R3_japan_2025,,,,,,,,,,,,18
OCO,31,Esteban Ocon,19,+1.574s,21,14,+1.393s,13,18,+2.218s,17,18,Haas,01:28.7,0,0,9,18,01:28.7,18,53,+83.438s,0,14,48,15:19:33,01:32.0,227.311,R3_japan_2025,,,,,,,,,,,,0
PIA,81,Oscar Piastri,15,+1.159s,25,1,01:28.1,13,2,+0.026s,17,3,McLaren,01:27.7,01:27.5,01:27.0,18,3,01:27.0,3,53,+2.129s,15,2,53,15:25:56,01:31.0,229.629,R3_japan_2025,,,,,,,,,,,,15
RUS,63,George Russell,2,+0.163s,29,6,+0.453s,13,3,+0.112s,15,5,Mercedes,01:27.8,01:27.4,01:27.3,17,5,01:27.3,5,53,+17.362s,10,8,51,15:23:08,01:31.4,228.829,R3_japan_2025,,,,,,,,,,,,10
SAI,22,Carlos Sainz,0,0,0,0,0,0,0,0,0,0,Williams,0,0,0,0,15,01:27.8,0,0,0,0,0,0,0,0,0,R3_japan_2025,,,,,,,,,,,,0
SAI,55,Carlos Sainz,10,+0.784s,28,10,+0.718s,9,11,+0.881s,22,12,Williams,01:28.2,01:27.8,0,15,0,0,14,53,+74.129s,0,4,36,15:01:00,01:31.1,229.46,R3_japan_2025,,,,,,,,,,,,0
STR,18,Lance Stroll,16,+1.209s,25,19,+2.731s,12,19,+2.302s,16,20,Aston Martin,01:29.3,0,0,5,20,01:29.3,20,52,+1 lap,0,18,53,15:26:06,01:32.1,227.102,R3_japan_2025,,,,,,,,,,,,0
TSU,22,Yuki Tsunoda,6,+0.623s,25,18,+2.511s,12,9,+0.820s,15,15,Red Bull Racing,01:28.0,01:28.0,0,12,0,0,12,53,+58.401s,0,13,51,15:23:48,01:31.9,227.549,R3_japan_2025,,,,,,,,,,,,0
TSU,30,Yuki Tsunoda,0,0,0,0,0,0,0,0,0,0,Red Bull Racing,0,0,0,0,14,01:28,0,0,0,0,0,0,0,0,0,R3_japan_2025,,,,,,,,,,,,0
VER,1,Max Verstappen,5,+0.516s,23,8,+0.556s,9,5,+0.532s,21,1,Red Bull Racing,01:27.9,01:27.5,01:27.0,17,1,01:27.0,1,53,22:07.0,25,3,52,15:24:22,01:31.0,229.624,R3_japan_2025,,,,,,,,,,,,25
ALB,23,Alexander Albon,4,+0.724s,24,11,+1.191s,29,15,+2.107s,16,15,Williams,01:32.0,0,0,6,15,0,12,57,+48.839s,0,13,47,19:23:53,01:37.1,200.566,R4_bahrain_2025,,,,,,,,,,,,0
ALO,14,Fernando Alonso,0,0,0,15,+1.320s,19,14,+1.902s,18,13,Aston Martin,01:31.6,01:31.9,0,15,13,01:31.9,15,57,+60.340s,0,18,38,19:09:17,01:37.9,198.999,R4_bahrain_2025,,,,,,,,,,,,0
ANT,10,Kimi Antonelli,0,0,0,0,0,0,0,0,0,0,Mercedes,0,0,0,0,5,01:30.2,0,0,0,0,0,0,0,0,0,R4_bahrain_2025,,,,,,,,,,,,0
ANT,12,Kimi Antonelli,20,+4.847s,3,5,+0.722s,27,5,+1.270s,12,4,Mercedes,01:31.4,01:30.7,01:30.2,20,0,0,11,57,+48.016s,0,9,29,18:52:24,01:36.7,201.501,R4_bahrain_2025,,,,,,,,,,,,0
BEA,87,Oliver Bearman,0,0,0,9,+1.079s,27,16,+2.689s,18,20,Haas,01:32.4,0,0,6,20,01:32.4,10,57,+47.594s,1,15,40,19:12:27,01:37.3,200.232,R4_bahrain_2025,,,,,,,,,,,,1
BEG,38,Dino Beganovic,14,+1.851s,20,0,0,0,0,0,0,0,Ferrari,0,0,0,0,0,0,0,0,0,0,0,0,0,0,0,R4_bahrain_2025,,,,,,,,,,,,0
BOR,5,Gabriel Bortoleto,11,+1.424s,23,13,+1.267s,25,18,+2.872s,16,18,Kick Sauber,01:32.2,0,0,6,18,01:32.2,18,57,+66.872s,0,19,38,19:09:18,01:38.0,198.795,R4_bahrain_2025,,,,,,,,,,,,0
BRO,46,Luke Browning,13,+1.681s,20,0,0,0,0,0,0,0,Williams,0,0,0,0,0,0,0,0,0,0,0,0,0,0,0,R4_bahrain_2025,,,,,,,,,,,,0
DOO,7,Jack Doohan,7,+1.192s,23,14,+1.283s,27,12,+1.701s,18,11,Alpine,01:31.4,01:31.2,0,13,11,01:31.2,14,57,+57.806s,0,8,31,18:55:44,01:36.7,201.518,R4_bahrain_2025,,,,,,,,,,,,0
DRU,34,Felipe Drugovich,16,+1.994s,19,0,0,0,0,0,0,0,Aston Martin,0,0,0,0,0,0,0,0,0,0,0,0,0,0,0,R4_bahrain_2025,,,,,,,,,,,,0
GAS,10,Pierre Gasly,2,+0.238s,23,17,+1.442s,27,6,+1.328s,18,5,Alpine,01:31.5,01:30.6,01:30.2,19,0,0,7,57,+36.002s,6,7,39,19:10:43,01:36.5,201.833,R4_bahrain_2025,,,,,,,,,,,,6
GAS,12,Pierre Gasly,0,0,0,0,0,0,0,0,0,0,Alpine,0,0,0,0,4,01:30.2,0,0,0,0,0,0,0,0,0,R4_bahrain_2025,,,,,,,,,,,,0
HAD,6,Isack Hadjar,12,+1.463s,22,6,+0.733s,24,7,+1.377s,15,12,Racing Bulls,01:31.6,01:31.3,0,12,12,01:31.3,13,57,+56.314s,0,10,30,18:54:19,01:37.0,200.957,R4_bahrain_2025,,,,,,,,,,,,0
HAM,44,Lewis Hamilton,3,+0.596s,23,8,+1.071s,23,10,+1.465s,18,9,Ferrari,01:31.2,01:31.0,01:30.8,18,9,01:30.8,5,57,+27.993s,10,6,37,19:07:28,01:36.2,202.454,R4_bahrain_2025,,,,,,,,,,,,10
HIR,50,Ryo Hirakawa,17,+2.057s,20,0,0,0,0,0,0,0,Alpine,0,0,0,0,0,0,0,0,0,0,0,0,0,0,0,R4_bahrain_2025,,,,,,,,,,,,0
HUL,27,Nico Hulkenberg,6,+1.058s,24,20,+1.991s,24,19,+2.990s,7,16,Kick Sauber,01:32.1,0,0,17,16,01:32.1,DQ,0,DSQ,0,16,30,18:54:23,01:37.3,200.16,R4_bahrain_2025,,,,,,,,,,,,0
IWA,37,Ayumu Iwasa,19,+2.271s,20,0,0,0,0,0,0,0,Red Bull Racing,0,0,0,0,0,0,0,0,0,0,0,0,0,0,0,R4_bahrain_2025,,,,,,,,,,,,0
LAW,30,Liam Lawson,8,+1.193s,23,12,+1.201s,27,13,+1.724s,14,17,Racing Bulls,01:32.2,0,0,6,17,01:32.2,16,57,+64.435s,0,17,44,19:19:02,01:37.4,200.073,R4_bahrain_2025,,,,,,,,,,,,0
LEC,16,Charles Leclerc,0,0,0,4,+0.540s,27,3,+0.834s,19,3,Ferrari,01:31.5,01:30.7,01:30.2,16,0,0,4,57,+19.679s,12,4,36,19:05:50,01:36.1,202.671,R4_bahrain_2025,,,,,,,,,,,,12
LEC,63,Charles Leclerc,0,0,0,0,0,0,0,0,0,0,Ferrari,0,0,0,0,2,01:30.2,0,0,0,0,0,0,0,0,0,R4_bahrain_2025,,,,,,,,,,,,0
NOR,4,Lando Norris,1,01:33.2,23,2,+0.154s,28,2,+0.668s,18,6,McLaren,01:31.1,01:30.6,01:30.3,18,6,01:30.3,3,57,+16.273s,15,3,38,19:09:04,01:35.7,203.526,R4_bahrain_2025,,,,,,,,,,,,15
OCO,31,Esteban Ocon,5,+0.980s,19,16,+1.365s,27,11,+1.594s,17,14,Haas,01:31.6,DNF,0,8,14,0,8,57,+44.244s,4,12,30,18:54:00,01:37.1,200.655,R4_bahrain_2025,,,,,,,,,,,,4
PIA,81,Oscar Piastri,10,+1.304s,25,1,01:30.5,29,1,01:31.6,13,1,McLaren,01:31.4,01:30.5,01:29.8,15,1,01:29.8,1,57,35:39.4,25,1,36,19:05:48,01:35.1,204.784,R4_bahrain_2025,,,,,,,,,,,,25
RUS,16,George Russell,0,0,0,0,0,0,0,0,0,0,Mercedes,0,0,0,0,3,01:30.0,0,0,0,0,0,0,0,0,0,R4_bahrain_2025,,,,,,,,,,,,0
RUS,63,George Russell,0,0,0,3,+0.527s,25,4,+1.181s,13,2,Mercedes,01:31.5,01:30.7,01:30.0,20,0,0,2,57,+15.499s,18,2,36,19:05:49,01:35.5,203.974,R4_bahrain_2025,,,,,,,,,,,,18
SAI,55,Carlos Sainz,0,0,0,10,+1.118s,28,9,+1.446s,15,8,Williams,01:31.6,01:30.8,01:30.7,19,8,01:30.7,NC,45,DNF,0,11,16,18:30:48,01:37.0,200.953,R4_bahrain_2025,,,,,,,,,,,,0
STR,18,Lance Stroll,15,+1.912s,23,19,+1.877s,27,17,+2.717s,16,19,Aston Martin,01:32.3,0,0,9,19,01:32.3,17,57,+65.489s,0,20,38,19:09:18,01:38.1,198.678,R4_bahrain_2025,,,,,,,,,,,,0
TSU,22,Yuki Tsunoda,9,+1.280s,23,18,+1.519s,25,20,+3.319s,15,10,Red Bull Racing,01:31.8,01:31.2,01:31.3,17,10,01:31.3,9,57,+45.061s,2,14,45,19:20:35,01:37.2,200.392,R4_bahrain_2025,,,,,,,,,,,,2
VER,1,Max Verstappen,0,0,0,7,+0.825s,27,8,+1.381s,13,7,Red Bull Racing,01:31.3,01:31.0,01:30.4,17,7,01:30.4,6,57,+34.395s,8,5,29,18:52:25,01:36.2,202.597,R4_bahrain_2025,,,,,,,,,,,,8
VES,72,Frederik Vesti,18,+2.121s,26,0,0,0,0,0,0,0,Mercedes,0,0,0,0,0,0,0,0,0,0,0,0,0,0,0,R4_bahrain_2025,,,,,,,,,,,,0
ALB,23,Alexander Albon,5,+0.367s,23,10,+0.953s,23,6,+0.900s,16,11,Williams,01:28.3,01:28.1,0,14,11,01:28.1,9,50,+66.515s,2,16,47,21:21:27,01:33.5,237.773,R5_saudi-arabia_2025,,,,,,,,,,,,2
ALO,14,Fernando Alonso,14,+0.737s,24,15,+1.395s,18,14,+1.399s,19,13,Aston Martin,01:28.5,01:28.3,0,14,13,01:28.3,11,50,+75.917s,0,11,49,21:24:45,01:33.0,238.97,R5_saudi-arabia_2025,,,,,,,,,,,,0
ANT,12,Kimi Antonelli,13,+0.695s,24,11,+0.975s,16,10,+1.190s,18,5,Mercedes,01:28.1,01:27.8,01:27.9,17,5,01:27.9,6,50,+34.688s,8,5,50,21:25:36,01:32.4,240.555,R5_saudi-arabia_2025,,,,,,,,,,,,8
BEA,87,Oliver Bearman,18,+1.356s,21,16,+1.487s,19,16,+1.500s,15,15,Haas,01:28.5,01:28.6,0,15,15,01:28.6,13,50,+79.194s,0,13,50,21:26:21,01:33.2,238.383,R5_saudi-arabia_2025,,,,,,,,,,,,0
BOR,5,Gabriel Bortoleto,20,+1.799s,23,0,0,0,19,+1.921s,24,20,Kick Sauber,01:29.5,0,0,8,20,01:29.5,18,49,+1 lap,0,18,39,21:09:19,01:34.4,235.331,R5_saudi-arabia_2025,,,,,,,,,,,,0
DOO,7,Jack Doohan,16,+0.944s,25,17,+1.645s,21,15,+1.409s,21,17,Alpine,01:28.7,0,0,9,17,01:28.7,17,49,+1 lap,0,12,49,21:23:47,01:33.2,238.608,R5_saudi-arabia_2025,,,,,,,,,,,,0
GAS,10,Pierre Gasly,1,01:29.2,25,8,+0.839s,22,8,+1.136s,16,9,Alpine,01:28.4,01:28.0,01:28.4,22,9,01:28.4,NC,0,DNF,0,0,0,0,0,0,R5_saudi-arabia_2025,,,,,,,,,,,,0
HAD,6,Isack Hadjar,15,+0.772s,15,12,+1.039s,17,11,+1.280s,17,14,Racing Bulls,01:28.6,01:28.4,0,12,14,01:28.4,10,50,+67.091s,1,14,39,21:08:58,01:33.3,238.334,R5_saudi-arabia_2025,,,,,,,,,,,,1
HAM,44,Lewis Hamilton,8,+0.576s,27,13,+1.104s,23,12,+1.291s,20,7,Ferrari,01:28.4,01:28.1,01:28.2,20,7,01:28.2,7,50,+39.073s,6,7,43,21:14:50,01:32.6,240.025,R5_saudi-arabia_2025,,,,,,,,,,,,6
HUL,27,Nico Hulkenberg,12,+0.677s,25,9,+0.926s,21,17,+1.731s,16,18,Kick Sauber,01:28.8,0,0,8,18,01:28.8,15,49,+1 lap,0,15,39,21:09:22,01:33.4,237.852,R5_saudi-arabia_2025,,,,,,,,,,,,0
LAW,30,Liam Lawson,11,+0.668s,19,14,+1.221s,22,13,+1.372s,18,12,Racing Bulls,01:28.6,01:28.2,0,11,12,01:28.2,12,50,+78.451s,0,10,43,21:15:17,01:33.0,238.998,R5_saudi-arabia_2025,,,,,,,,,,,,0
LEC,16,Charles Leclerc,3,+0.070s,28,4,+0.482s,22,5,+0.883s,21,4,Ferrari,01:28.6,01:27.9,01:27.7,19,4,01:27.7,3,50,+8.104s,15,2,49,21:23:37,01:32.2,241.088,R5_saudi-arabia_2025,,,,,,,,,,,,15
NOR,4,Lando Norris,2,+0.007s,25,1,01:28.3,21,1,01:27.5,18,10,McLaren,01:27.8,01:27.5,DNF,11,10,0,4,50,+9.196s,12,1,41,21:11:22,01:31.8,242.175,R5_saudi-arabia_2025,,,,,,,,,,,,12
OCO,31,Esteban Ocon,19,+1.790s,21,19,+1.752s,22,18,+1.847s,20,19,Haas,01:29.1,0,0,9,19,01:29.1,14,50,+99.723s,0,17,47,21:21:50,01:34.3,235.676,R5_saudi-arabia_2025,,,,,,,,,,,,0
PIA,81,Oscar Piastri,4,+0.102s,25,2,+0.163s,22,2,+0.024s,19,2,McLaren,01:27.9,01:27.5,01:27.3,18,2,01:27.3,1,50,21:06.8,25,3,50,21:25:02,01:32.2,240.994,R5_saudi-arabia_2025,,,,,,,,,,,,25
RUS,63,George Russell,6,+0.379s,21,7,+0.706s,21,3,+0.627s,17,3,Mercedes,01:28.3,01:27.6,01:27.4,16,3,01:27.4,5,50,+27.236s,10,9,32,20:57:23,01:32.9,239.268,R5_saudi-arabia_2025,,,,,,,,,,,,10
SAI,55,Carlos Sainz,7,+0.540s,26,5,+0.675s,24,7,+1.081s,15,6,Williams,01:28.4,01:28.0,01:28.2,23,6,01:28.2,8,50,+64.630s,4,6,50,21:26:06,01:32.5,240.373,R5_saudi-arabia_2025,,,,,,,,,,,,4
STR,18,Lance Stroll,17,+1.344s,23,18,+1.740s,18,20,+1.989s,19,16,Aston Martin,01:28.6,0,0,9,16,01:28.6,16,49,+1 lap,0,8,44,21:17:16,01:32.7,239.65,R5_saudi-arabia_2025,,,,,,,,,,,,0
TSU,22,Yuki Tsunoda,10,+0.582s,26,6,+0.696s,19,9,+1.181s,14,8,Red Bull Racing,01:28.2,01:28.0,01:28.2,16,8,01:28.2,NC,1,DNF,0,0,0,0,0,0,R5_saudi-arabia_2025,,,,,,,,,,,,0
VER,1,Max Verstappen,9,+0.579s,26,3,+0.280s,23,4,+0.845s,14,1,Red Bull Racing,01:27.8,01:27.5,01:27.3,19,1,01:27.3,2,50,+2.843s,18,4,49,21:23:32,01:32.3,240.858,R5_saudi-arabia_2025,,,,,,,,,,,,18
ALB,23,Alexander Albon,5,+0.827s,25,,,,,,,7,Williams,01:27.0,01:26.9,01:26.7,20,7,01:26.7,5,57,+48.067s,10,6,55,17:30:20,01:30.5,215.326,R6_miami_2025,11,18,+7.522s,0,8,01:27.2,8,01:27.9,01:27.7,01:27.2,15,10
ALO,14,Fernando Alonso,10,+1.115s,24,,,,,,,17,Aston Martin,01:27.6,0,0,9,17,01:27.6,15,56,+1 lap,0,15,38,17:05:11,01:31.3,213.427,R6_miami_2025,NC,13,DNF,0,10,01:27.8,10,01:28.5,01:27.8,01:27.8,13,0
ANT,12,Kimi Antonelli,9,+1.099s,28,,,,,,,3,Mercedes,01:27.1,01:26.6,01:26.3,20,3,01:26.3,6,57,+55.502s,8,9,27,16:46:42,01:30.8,214.584,R6_miami_2025,7,18,+5.635s,2,1,01:26.5,1,01:27.9,01:27.4,01:26.5,15,10
BEA,18,Oliver Bearman,0,0,0,,,,,,,0,Haas,0,0,0,0,19,01:28.0,0,0,0,0,0,0,0,0,0,R6_miami_2025,0,0,0,0,0,0,0,0,0,0,0,0
BEA,87,Oliver Bearman,16,+1.868s,22,,,,,,,20,Haas,01:28.0,0,0,9,0,0,NC,27,DNF,0,19,24,16:42:12,01:32.7,210.22,R6_miami_2025,14,18,+9.218s,0,19,01:29.8,20,01:29.8,0,0,5,0
BOR,5,Gabriel Bortoleto,15,+1.643s,19,,,,,,,13,Kick Sauber,01:27.3,01:27.2,0,15,13,01:27.2,NC,30,DNF,0,18,21,16:37:45,01:32.3,211.021,R6_miami_2025,15,18,+9.675s,0,18,01:29.3,19,01:29.3,0,0,6,0
DOO,7,Jack Doohan,19,+2.229s,22,,,,,,,14,Alpine,01:27.4,01:27.2,0,15,14,01:27.2,NC,0,DNF,0,0,0,0,0,0,R6_miami_2025,16,18,+9.909s,0,17,01:29.2,17,01:29.2,0,0,5,0
GAS,10,Pierre Gasly,17,+1.956s,22,,,,,,,18,Alpine,01:27.7,0,0,9,0,0,13,57,+90.445s,0,14,35,17:00:26,01:31.2,213.727,R6_miami_2025,8,18,+5.973s,1,13,01:28.2,13,01:28.3,01:28.2,0,9,1
GAS,87,Pierre Gasly,0,0,0,,,,,,,0,Alpine,0,0,0,0,20,01:27.7,0,0,0,0,0,0,0,0,0,R6_miami_2025,0,0,0,0,0,0,0,0,0,0,0,0
HAD,6,Isack Hadjar,6,+0.840s,23,,,,,,,11,Racing Bulls,01:27.3,01:27.0,0,13,11,01:27.0,11,57,+74.602s,0,11,51,17:24:40,01:31.0,214.169,R6_miami_2025,10,18,+7.502s,0,9,01:27.5,9,01:28.4,01:27.8,01:27.5,12,0
HAM,44,Lewis Hamilton,13,+1.428s,20,,,,,,,12,Ferrari,01:27.3,01:27.0,0,15,12,01:27.0,8,57,+60.186s,4,7,35,17:00:09,01:30.6,215.136,R6_miami_2025,3,18,+1.073s,6,7,01:27.0,7,01:28.2,01:27.5,01:27.0,15,10
HUL,27,Nico Hulkenberg,14,+1.445s,13,,,,,,,16,Kick Sauber,01:27.5,0,0,9,16,01:27.5,14,56,+1 lap,0,12,43,17:12:46,01:31.0,214.065,R6_miami_2025,9,18,+6.153s,0,11,01:27.9,11,01:28.5,01:27.9,0,9,0
LAW,30,Liam Lawson,11,+1.246s,21,,,,,,,15,Racing Bulls,01:27.4,01:27.4,0,14,15,01:27.4,NC,36,DNF,0,17,30,16:52:49,01:31.8,212.304,R6_miami_2025,13,18,+9.024s,0,14,01:28.4,14,01:28.9,01:28.4,0,8,0
LEC,16,Charles Leclerc,2,+0.356s,22,,,,,,,8,Ferrari,01:27.4,01:26.9,01:26.8,20,8,01:26.8,7,57,+57.036s,6,4,35,17:00:08,01:30.5,215.376,R6_miami_2025,NC,0,DNS,0,6,01:26.8,6,01:28.3,01:27.5,01:26.8,16,6
NOR,4,Lando Norris,12,+1.263s,21,,,,,,,2,McLaren,01:27.0,01:26.5,01:26.3,21,2,01:26.3,2,57,+4.630s,18,1,36,17:01:03,01:29.7,217.092,R6_miami_2025,1,18,36:37.6,8,3,01:26.6,3,01:27.9,01:27.1,01:26.6,14,26
OCO,31,Esteban Ocon,18,+2.051s,19,,,,,,,9,Haas,01:27.5,01:27.0,01:26.8,21,9,01:26.8,12,57,+82.006s,0,13,30,16:52:12,01:31.1,213.814,R6_miami_2025,12,18,+8.998s,0,12,01:28.1,12,01:28.3,01:28.1,0,9,0
PIA,81,Oscar Piastri,1,01:27.1,22,,,,,,,4,McLaren,01:27.0,01:26.3,01:26.4,16,4,01:26.4,1,57,28:51.6,25,2,35,16:59:26,01:29.8,216.908,R6_miami_2025,2,18,+0.672s,7,2,01:26.5,2,01:28.0,01:27.4,01:26.5,12,32
RUS,63,George Russell,7,+0.930s,26,,,,,,,5,Mercedes,01:27.0,01:26.6,01:26.4,20,5,01:26.4,3,57,+37.644s,15,3,31,16:53:21,01:30.3,215.717,R6_miami_2025,4,18,+3.127s,5,5,01:26.8,5,01:27.7,01:27.7,01:26.8,15,20
SAI,55,Carlos Sainz,4,+0.550s,23,,,,,,,6,Williams,01:27.1,01:26.8,01:26.6,20,6,01:26.6,9,57,+60.577s,2,8,35,17:00:10,01:30.7,214.802,R6_miami_2025,NC,12,DNF,0,15,0,15,01:27.9,DNF,0,8,2
STR,10,Lance Stroll,0,0,0,,,,,,,0,Aston Martin,0,0,0,0,18,01:27.8,0,0,0,0,0,0,0,0,0,R6_miami_2025,0,0,0,0,0,0,0,0,0,0,0,0
STR,18,Lance Stroll,20,+2.234s,21,,,,,,,19,Aston Martin,01:27.8,0,0,9,0,0,16,56,+1 lap,0,16,51,17:23:45,01:31.8,212.306,R6_miami_2025,5,18,+3.412s,4,16,01:29.0,16,01:29.0,0,0,6,4
TSU,22,Yuki Tsunoda,8,+1.027s,21,,,,,,,10,Red Bull Racing,01:27.3,01:27.0,01:26.9,21,10,01:26.9,10,57,+74.434s,1,10,55,17:30:40,01:31.0,214.185,R6_miami_2025,6,18,+5.153s,3,20,01:29.2,18,01:29.2,0,0,5,4
VER,1,Max Verstappen,3,+0.430s,20,,,,,,,1,Red Bull Racing,01:26.9,01:26.6,01:26.2,18,1,01:26.2,4,57,+39.956s,12,5,41,17:09:00,01:30.5,215.364,R6_miami_2025,17,18,+12.059s,0,4,01:26.7,4,01:28.0,01:27.2,01:26.7,16,12
ALB,23,Alexander Albon,8,+0.377s,21,9,+0.623s,29,9,+0.835s,20,7,Williams,01:16.1,01:15.5,01:15.5,20,7,01:15.5,5,63,+17.945s,10,3,63,16:35:24,01:18.3,225.732,R7_emilia-romagna_2025,,,,,,,,,,,,10
ALO,14,Fernando Alonso,14,+0.576s,22,14,+0.927s,21,11,+0.922s,18,5,Aston Martin,01:15.7,01:15.4,01:15.4,19,5,01:15.4,11,63,+27.250s,0,11,61,16:32:52,01:19.9,221.198,R7_emilia-romagna_2025,,,,,,,,,,,,0
ANT,12,Kimi Antonelli,13,+0.549s,23,18,+1.113s,27,4,+0.502s,15,13,Mercedes,01:15.9,01:15.8,0,13,13,01:15.8,NC,44,DNF,0,18,33,15:50:10,01:20.6,219.206,R7_emilia-romagna_2025,,,,,,,,,,,,0
BEA,87,Oliver Bearman,18,+0.901s,20,12,+0.716s,26,12,+1.047s,14,19,Haas,01:16.9,0,0,8,19,01:16.9,17,63,+33.808s,0,8,52,16:20:38,01:19.5,222.235,R7_emilia-romagna_2025,,,,,,,,,,,,0
BOR,5,Gabriel Bortoleto,9,+0.380s,23,16,+1.046s,27,16,+1.149s,17,14,Kick Sauber,01:16.3,01:16.3,0,15,14,01:16.3,18,63,+38.572s,0,19,57,16:27:36,01:20.6,219.178,R7_emilia-romagna_2025,,,,,,,,,,,,0
COL,30,Franco Colapinto,0,0,0,0,0,0,0,0,0,0,Alpine,0,0,0,0,16,0,0,0,0,0,0,0,0,0,0,R7_emilia-romagna_2025,,,,,,,,,,,,0
COL,43,Franco Colapinto,17,+0.828s,21,13,+0.751s,29,18,+1.313s,14,15,Alpine,01:16.3,0,0,5,0,0,16,63,+33.411s,0,13,57,16:27:35,01:20.3,219.956,R7_emilia-romagna_2025,,,,,,,,,,,,0
GAS,10,Pierre Gasly,6,+0.151s,21,3,+0.276s,29,15,+1.093s,14,10,Alpine,01:15.9,01:15.5,01:15.8,17,10,01:15.8,13,63,+31.424s,0,14,58,16:28:53,01:20.4,219.811,R7_emilia-romagna_2025,,,,,,,,,,,,0
HAD,6,Isack Hadjar,19,+1.096s,19,7,+0.499s,22,7,+0.611s,20,9,Racing Bulls,01:16.3,01:15.5,01:15.7,17,9,01:15.7,9,63,+23.586s,2,7,60,16:31:29,01:19.5,222.369,R7_emilia-romagna_2025,,,,,,,,,,,,2
HAM,44,Lewis Hamilton,5,+0.096s,22,11,+0.650s,26,10,+0.890s,25,12,Ferrari,01:16.2,01:15.8,0,14,12,01:15.8,4,63,+14.356s,12,2,61,16:32:42,01:18.3,225.802,R7_emilia-romagna_2025,,,,,,,,,,,,12
HUL,27,Nico Hulkenberg,10,+0.453s,23,19,+1.126s,26,19,+1.341s,16,17,Kick Sauber,01:16.5,0,0,9,17,01:16.5,12,63,+30.296s,0,15,62,16:34:15,01:20.4,219.803,R7_emilia-romagna_2025,,,,,,,,,,,,0
LAW,30,Liam Lawson,15,+0.741s,22,15,+0.962s,22,14,+1.080s,21,16,Racing Bulls,01:16.4,0,0,6,0,0,14,63,+32.511s,0,16,60,16:31:36,01:20.5,219.606,R7_emilia-romagna_2025,,,,,,,,,,,,0
LAW,43,Liam Lawson,0,0,0,0,0,0,0,0,0,0,Red Bull Racing,0,0,0,0,15,01:16.4,0,0,0,0,0,0,0,0,0,R7_emilia-romagna_2025,,,,,,,,,,,,0
LEC,16,Charles Leclerc,12,+0.532s,23,6,+0.475s,28,5,+0.554s,26,11,Ferrari,01:16.1,01:15.6,0,14,11,01:15.6,6,63,+20.774s,8,6,56,16:26:03,01:19.0,223.565,R7_emilia-romagna_2025,,,,,,,,,,,,8
NOR,4,Lando Norris,2,+0.032s,23,2,+0.025s,25,1,01:14.9,19,4,McLaren,01:15.9,01:15.3,01:15.0,19,4,01:15.0,2,63,+6.109s,18,4,63,16:35:12,01:18.3,225.669,R7_emilia-romagna_2025,,,,,,,,,,,,18
OCO,31,Esteban Ocon,20,+1.117s,20,20,+1.127s,24,20,+1.490s,15,18,Haas,01:16.6,0,0,9,18,01:16.6,NC,27,DNF,0,20,3,15:08:15,01:21.4,217.07,R7_emilia-romagna_2025,,,,,,,,,,,,0
PIA,81,Oscar Piastri,1,01:16.5,23,1,01:15.3,28,2,+0.100s,19,1,McLaren,01:15.5,01:15.2,01:14.7,18,1,01:14.7,3,63,+12.956s,15,5,56,16:26:01,01:18.9,224.001,R7_emilia-romagna_2025,,,,,,,,,,,,15
RUS,63,George Russell,4,+0.054s,26,4,+0.400s,23,8,+0.765s,14,3,Mercedes,01:15.9,01:15.3,01:14.8,17,3,01:14.8,7,63,+22.034s,6,9,55,16:24:46,01:19.7,221.644,R7_emilia-romagna_2025,,,,,,,,,,,,6
SAI,55,Carlos Sainz,3,+0.052s,19,10,+0.641s,29,6,+0.560s,21,6,Williams,01:16.0,01:15.2,01:15.4,21,6,01:15.4,8,63,+22.898s,4,10,58,16:28:48,01:19.8,221.358,R7_emilia-romagna_2025,,,,,,,,,,,,4
STR,18,Lance Stroll,11,+0.487s,23,17,+1.048s,23,13,+1.078s,22,8,Aston Martin,01:15.8,01:15.5,01:15.6,21,8,01:15.6,15,63,+32.993s,0,17,58,16:28:55,01:20.5,219.53,R7_emilia-romagna_2025,,,,,,,,,,,,0
TSU,22,Yuki Tsunoda,16,+0.811s,18,8,+0.534s,29,17,+1.213s,14,NC,Red Bull Racing,DNF,0,0,2,20,0,10,63,+26.446s,1,12,60,16:31:31,01:20.0,220.797,R7_emilia-romagna_2025,,,,,,,,,,,,1
VER,1,Max Verstappen,7,+0.360s,15,5,+0.442s,26,3,+0.181s,17,2,Red Bull Racing,01:15.2,01:15.4,01:14.7,17,2,01:14.7,1,63,31:33.2,25,1,58,16:28:34,01:18.0,226.604,R7_emilia-romagna_2025,,,,,,,,,,,,25
ALB,23,Alexander Albon,4,+0.350s,33,8,+0.563s,34,6,+0.715s,24,10,Williams,01:11.6,01:10.7,01:11.2,34,10,01:11.2,9,76,+2 laps,2,9,76,16:41:25,01:14.6,161.041,R8_monaco_2025,,,,,,,,,,,,2
ALO,14,Fernando Alonso,10,+0.763s,28,7,+0.535s,30,12,+1.148s,22,7,Aston Martin,01:11.7,01:11.2,01:10.9,30,0,0,NC,36,DNF,0,18,15,15:24:19,01:15.6,158.919,R8_monaco_2025,,,,,,,,,,,,0
ALO,6,Fernando Alonso,0,0,0,0,0,0,0,0,0,0,Aston Martin,0,0,0,0,6,01:10.9,0,0,0,0,0,0,0,0,0,R8_monaco_2025,,,,,,,,,,,,0
ANT,12,Kimi Antonelli,11,+0.801s,34,9,+0.647s,32,10,+1.060s,23,15,Mercedes,01:11.9,0,0,11,15,0,18,75,+3 laps,0,3,77,16:42:36,01:13.5,163.404,R8_monaco_2025,,,,,,,,,,,,0
BEA,43,Oliver Bearman,0,0,0,0,0,0,0,0,0,0,Haas,0,0,0,0,20,01:12.0,0,0,0,0,0,0,0,0,0,R8_monaco_2025,,,,,,,,,,,,0
BEA,87,Oliver Bearman,15,+1.365s,34,15,+0.904s,33,16,+1.298s,20,17,Haas,01:12.0,0,0,13,0,0,12,76,+2 laps,0,10,6,15:13:02,01:14.9,160.486,R8_monaco_2025,,,,,,,,,,,,0
BOR,5,Gabriel Bortoleto,18,+1.506s,29,14,+0.879s,29,19,+1.648s,28,16,Kick Sauber,01:11.9,0,0,13,16,01:11.9,14,76,+2 laps,0,12,38,15:54:04,01:14.9,160.424,R8_monaco_2025,,,,,,,,,,,,0
COL,10,Franco Colapinto,0,0,0,0,0,0,0,0,0,0,Alpine,0,0,0,0,18,01:12.6,0,0,0,0,0,0,0,0,0,R8_monaco_2025,,,,,,,,,,,,0
COL,43,Franco Colapinto,19,+1.856s,32,20,+2.060s,31,20,+1.898s,32,20,Alpine,01:12.6,0,0,12,0,0,13,76,+2 laps,0,16,31,15:44:43,01:15.3,159.542,R8_monaco_2025,,,,,,,,,,,,0
GAS,10,Pierre Gasly,8,+0.705s,29,17,+1.049s,34,14,+1.241s,20,18,Alpine,01:12.0,0,0,11,0,0,NC,7,DNF,0,20,6,15:12:47,01:18.1,153.908,R8_monaco_2025,,,,,,,,,,,,0
GAS,87,Pierre Gasly,0,0,0,0,0,0,0,0,0,0,Alpine,0,0,0,0,17,01:12.0,0,0,0,0,0,0,0,0,0,R8_monaco_2025,,,,,,,,,,,,0
HAD,1,Isack Hadjar,0,0,0,0,0,0,0,0,0,0,Racing Bulls,0,0,0,0,5,01:10.9,0,0,0,0,0,0,0,0,0,R8_monaco_2025,,,,,,,,,,,,0
HAD,6,Isack Hadjar,13,+1.223s,35,6,+0.487s,17,17,+1.318s,30,6,Racing Bulls,01:11.8,01:11.0,01:10.9,27,0,0,6,77,+1 lap,8,19,16,15:25:54,01:16.0,158.107,R8_monaco_2025,,,,,,,,,,,,8
HAM,14,Lewis Hamilton,0,0,0,0,0,0,0,0,0,0,Ferrari,0,0,0,0,7,01:10.4,0,0,0,0,0,0,0,0,0,R8_monaco_2025,,,,,,,,,,,,0
HAM,44,Lewis Hamilton,9,+0.726s,30,3,+0.105s,30,5,+0.563s,26,4,Ferrari,01:11.6,01:10.9,01:10.4,28,0,0,5,78,+51.387s,10,7,73,16:38:12,01:14.1,162.143,R8_monaco_2025,,,,,,,,,,,,10
HUL,27,Nico Hulkenberg,12,+1.015s,30,16,+0.907s,32,13,+1.172s,25,13,Kick Sauber,01:11.9,01:11.6,0,23,13,01:11.6,16,76,+2 laps,0,15,49,16:07:05,01:15.2,159.701,R8_monaco_2025,,,,,,,,,,,,0
LAW,30,Liam Lawson,17,+1.465s,37,5,+0.468s,32,7,+0.861s,33,9,Racing Bulls,01:11.8,01:11.2,01:11.1,26,9,01:11.1,8,77,+1 lap,4,17,55,16:15:20,01:15.3,159.493,R8_monaco_2025,,,,,,,,,,,,4
LEC,16,Charles Leclerc,1,01:12.0,33,1,01:11.4,32,1,01:11.0,25,2,Ferrari,01:11.2,01:10.6,01:10.1,27,2,01:10.1,2,78,+3.131s,18,6,36,15:50:50,01:14.1,162.219,R8_monaco_2025,,,,,,,,,,,,18
NOR,4,Lando Norris,3,+0.326s,32,4,+0.322s,32,3,+0.294s,23,1,McLaren,01:11.3,01:10.6,01:10.0,27,1,01:10.0,1,78,40:33.8,25,1,78,16:43:42,01:13.2,164.067,R8_monaco_2025,,,,,,,,,,,,25
OCO,31,Esteban Ocon,16,+1.430s,31,19,+1.186s,33,18,+1.546s,25,8,Haas,01:11.8,01:11.3,01:10.9,32,8,01:10.9,7,77,+1 lap,6,14,34,15:49:20,01:15.2,159.841,R8_monaco_2025,,,,,,,,,,,,6
PIA,81,Oscar Piastri,5,+0.378s,28,2,+0.038s,28,4,+0.445s,21,3,McLaren,01:11.3,01:10.9,01:10.1,29,3,01:10.1,3,78,+3.658s,15,4,60,16:21:08,01:13.7,162.901,R8_monaco_2025,,,,,,,,,,,,15
RUS,63,George Russell,6,+0.518s,33,12,+0.737s,32,11,+1.113s,22,14,Mercedes,01:11.5,DNF,0,13,14,0,11,76,+2 laps,0,2,76,16:41:48,01:13.4,163.656,R8_monaco_2025,,,,,,,,,,,,0
SAI,55,Carlos Sainz,7,+0.570s,36,13,+0.796s,32,8,+0.940s,24,11,Williams,01:11.7,01:11.4,0,25,11,01:11.4,10,76,+2 laps,1,5,70,16:33:54,01:14.0,162.366,R8_monaco_2025,,,,,,,,,,,,1
STR,18,Lance Stroll,20,+3.671s,4,18,+1.157s,30,15,+1.249s,24,19,Aston Martin,01:12.6,0,0,11,19,01:12.6,15,76,+2 laps,0,11,69,16:33:26,01:14.9,160.439,R8_monaco_2025,,,,,,,,,,,,0
TSU,22,Yuki Tsunoda,14,+1.268s,32,11,+0.717s,30,9,+0.999s,21,12,Red Bull Racing,01:11.8,01:11.4,0,20,12,01:11.4,17,76,+2 laps,0,13,77,16:43:38,01:14.9,160.362,R8_monaco_2025,,,,,,,,,,,,0
VER,1,Max Verstappen,2,+0.163s,30,10,+0.713s,29,2,+0.280s,23,5,Red Bull Racing,01:11.4,01:10.9,01:10.7,21,0,0,4,78,+20.572s,12,8,45,16:02:10,01:14.2,161.837,R8_monaco_2025,,,,,,,,,,,,12
VER,44,Max Verstappen,0,0,0,0,0,0,0,0,0,0,Red Bull Racing,0,0,0,0,4,01:10.7,0,0,0,0,0,0,0,0,0,R8_monaco_2025,,,,,,,,,,,,0
ALB,23,Alexander Albon,0,0,0,15,+1.079s,32,19,+1.902s,5,11,Williams,01:13.0,01:12.6,0,14,11,01:12.6,NC,27,DNF,0,19,9,15:16:13,01:20.5,208.242,R9_spain_2025,,,,,,,,,,,,0
ALO,14,Fernando Alonso,13,+1.080s,20,7,+0.541s,28,8,+1.027s,17,10,Aston Martin,01:13.1,01:12.5,01:12.3,14,10,01:12.3,9,66,+21.564s,2,11,66,16:36:36,01:18.1,214.586,R9_spain_2025,,,,,,,,,,,,2
ANT,12,Kimi Antonelli,18,+1.651s,31,6,+0.538s,31,7,+1.018s,12,6,Mercedes,01:12.8,01:12.6,01:12.1,18,6,01:12.1,NC,53,DNF,0,12,52,16:14:28,01:18.3,214.238,R9_spain_2025,,,,,,,,,,,,0
BEA,87,Oliver Bearman,7,+0.879s,26,19,+1.366s,20,20,+2.073s,12,15,Haas,01:13.1,01:13.3,0,15,14,01:13.3,17,66,+37.065s,0,16,63,16:32:41,01:18.9,212.467,R9_spain_2025,,,,,,,,,,,,0
BOR,5,Gabriel Bortoleto,16,+1.437s,23,17,+1.199s,27,11,+1.335s,19,12,Kick Sauber,01:13.0,01:12.8,0,12,12,01:12.8,12,66,+25.996s,0,13,52,16:13:54,01:18.3,214.123,R9_spain_2025,,,,,,,,,,,,0
COL,43,Franco Colapinto,20,+1.812s,19,20,+1.543s,31,17,+1.698s,23,19,Alpine,01:13.3,0,0,7,18,01:13.3,15,66,+31.381s,0,14,42,16:00:44,01:18.4,213.97,R9_spain_2025,,,,,,,,,,,,0
GAS,10,Pierre Gasly,10,+1.028s,28,8,+0.625s,30,16,+1.567s,20,8,Alpine,01:13.1,01:12.6,01:12.2,18,8,01:12.2,8,66,+17.882s,4,9,63,16:32:35,01:17.9,215.225,R9_spain_2025,,,,,,,,,,,,4
HAD,6,Isack Hadjar,8,+0.887s,26,9,+0.640s,29,6,+0.995s,17,9,Racing Bulls,01:13.1,01:12.5,01:12.3,15,9,01:12.3,7,66,+16.022s,6,8,63,16:32:34,01:17.8,215.574,R9_spain_2025,,,,,,,,,,,,6
HAM,44,Lewis Hamilton,3,+0.378s,29,11,+0.773s,29,9,+1.140s,17,5,Ferrari,01:13.1,01:12.4,01:12.0,15,5,01:12.0,6,66,+15.508s,8,7,62,16:31:14,01:17.7,215.751,R9_spain_2025,,,,,,,,,,,,8
HIR,50,Ryo Hirakawa,17,+1.580s,23,0,0,0,0,0,0,0,Alpine,0,0,0,0,0,0,0,0,0,0,0,0,0,0,0,R9_spain_2025,,,,,,,,,,,,0
HUL,27,Nico Hulkenberg,14,+1.147s,21,12,+0.832s,30,12,+1.346s,18,16,Kick Sauber,01:13.2,0,0,6,15,01:13.2,5,66,+13.648s,10,6,63,16:32:33,01:17.6,216.116,R9_spain_2025,,,,,,,,,,,,10
LAW,30,Liam Lawson,6,+0.621s,28,10,+0.734s,29,10,+1.250s,18,13,Racing Bulls,01:13.0,01:12.8,0,12,13,01:12.8,11,66,+25.532s,0,18,62,16:31:19,01:19.4,211.084,R9_spain_2025,,,,,,,,,,,,0
LEC,16,Charles Leclerc,4,+0.520s,31,5,+0.500s,33,3,+0.743s,17,7,Ferrari,01:13.0,01:12.5,01:12.1,12,7,01:12.1,3,66,+10.455s,15,5,62,16:31:11,01:17.3,216.999,R9_spain_2025,,,,,,,,,,,,15
MAR,45,Victor Martins,19,+1.804s,26,0,0,0,0,0,0,0,Williams,0,0,0,0,0,0,0,0,0,0,0,0,0,0,0,R9_spain_2025,,,,,,,,,,,,0
NOR,4,Lando Norris,1,01:13.7,29,4,+0.310s,31,2,+0.526s,18,2,McLaren,01:12.8,01:12.1,01:11.8,15,2,01:11.8,2,66,+2.471s,18,2,61,16:29:52,01:16.2,220.053,R9_spain_2025,,,,,,,,,,,,18
OCO,31,Esteban Ocon,0,0,0,18,+1.245s,30,18,+1.751s,14,17,Haas,01:13.2,0,0,9,16,01:13.2,16,66,+32.197s,0,15,47,16:07:08,01:18.6,213.232,R9_spain_2025,,,,,,,,,,,,0
PIA,81,Oscar Piastri,5,+0.576s,28,1,01:12.8,28,1,01:12.4,14,1,McLaren,01:12.6,01:12.0,01:11.5,14,1,01:11.5,1,66,32:57.4,25,1,61,16:29:51,01:15.7,221.343,R9_spain_2025,,,,,,,,,,,,25
RUS,63,George Russell,11,+1.033s,32,2,+0.286s,32,4,+0.752s,18,4,Mercedes,01:12.8,01:12.4,01:11.8,12,4,01:11.8,4,66,+11.359s,12,4,62,16:31:13,01:17.2,217.042,R9_spain_2025,,,,,,,,,,,,12
SAI,55,Carlos Sainz,15,+1.217s,26,14,+0.961s,34,13,+1.371s,16,18,Williams,01:13.2,0,0,6,17,01:13.2,14,66,+29.309s,0,17,65,16:35:24,01:19.3,211.369,R9_spain_2025,,,,,,,,,,,,0
STR,18,Lance Stroll,12,+1.068s,24,16,+1.079s,17,15,+1.517s,20,14,Aston Martin,01:13.0,01:13.1,0,15,14,01:13.1,0,0,0,0,0,0,0,0,0,R9_spain_2025,,,,,,,,,,,,0
TSU,22,Yuki Tsunoda,9,+0.925s,27,13,+0.923s,31,14,+1.505s,13,20,Red Bull Racing,01:13.4,0,0,6,19,01:13.4,13,66,+28.822s,0,10,47,16:07:09,01:18.0,214.943,R9_spain_2025,,,,,,,,,,,,0
VER,1,Max Verstappen,2,+0.367s,18,3,+0.310s,30,5,+0.988s,14,3,Red Bull Racing,01:12.8,01:12.4,01:11.8,12,3,01:11.8,10,66,+21.826s,1,3,62,16:31:12,01:17.0,217.676,R9_spain_2025,,,,,,,,,,,,1
ALB,23,Alexander Albon,2,+0.039s,28,4,+0.322s,36,10,+0.774s,22,10,Williams,01:12.1,01:11.9,01:11.9,30,0,0,NC,46,DNF,0,18,31,14:43:48,01:16.2,206.039,R10_canada_2025,,,,,,,,,,,,0
ALB,6,Alexander Albon,0,0,0,0,0,0,0,0,0,0,Williams,0,0,0,0,9,01:11.9,0,0,0,0,0,0,0,0,0,R10_canada_2025,,,,,,,,,,,,0
ALO,14,Fernando Alonso,12,+0.779s,25,5,+0.335s,31,6,+0.448s,21,6,Aston Martin,01:12.1,01:11.8,01:11.6,27,6,01:11.6,7,70,+10.972s,6,12,58,15:18:03,01:15.0,209.261,R10_canada_2025,,,,,,,,,,,,6
ANT,12,Kimi Antonelli,13,+0.809s,30,3,+0.288s,33,7,+0.549s,21,4,Mercedes,01:12.3,01:12.0,01:11.4,21,4,01:11.4,3,70,+1.014s,15,7,60,15:19:33,01:14.5,210.86,R10_canada_2025,,,,,,,,,,,,15
BEA,27,Oliver Bearman,0,0,0,0,0,0,0,0,0,0,Haas,0,0,0,0,13,01:12.3,0,0,0,0,0,0,0,0,0,R10_canada_2025,,,,,,,,,,,,0
BEA,87,Oliver Bearman,17,+1.327s,30,16,+0.957s,36,15,+1.026s,27,14,Haas,01:12.3,01:12.3,0,19,0,0,11,69,+1 lap,0,15,63,15:23:29,01:15.4,208.225,R10_canada_2025,,,,,,,,,,,,0
BOR,31,Gabriel Bortoleto,0,0,0,0,0,0,0,0,0,0,Kick Sauber,0,0,0,0,15,01:12.4,0,0,0,0,0,0,0,0,0,R10_canada_2025,,,,,,,,,,,,0
BOR,5,Gabriel Bortoleto,16,+1.131s,30,13,+0.773s,32,19,+1.373s,22,16,Kick Sauber,01:12.4,0,0,11,0,0,14,69,+1 lap,0,16,57,15:16:00,01:15.4,208.178,R10_canada_2025,,,,,,,,,,,,0
COL,23,Franco Colapinto,0,0,0,0,0,0,0,0,0,0,Alpine,0,0,0,0,10,01:12.1,0,0,0,0,0,0,0,0,0,R10_canada_2025,,,,,,,,,,,,0
COL,43,Franco Colapinto,19,+1.452s,29,18,+1.775s,33,17,+1.261s,27,12,Alpine,01:12.2,01:12.1,0,20,0,0,13,69,+1 lap,0,17,53,15:11:55,01:16.1,206.367,R10_canada_2025,,,,,,,,,,,,0
GAS,10,Pierre Gasly,9,+0.624s,29,12,+0.751s,34,12,+0.885s,27,20,Alpine,01:12.7,0,0,12,20,01:12.7,15,69,+1 lap,0,11,64,15:24:53,01:15.0,209.347,R10_canada_2025,,,,,,,,,,,,0
HAD,43,Isack Hadjar,0,0,0,0,0,0,0,0,0,0,Racing Bulls,0,0,0,0,12,01:11.9,0,0,0,0,0,0,0,0,0,R10_canada_2025,,,,,,,,,,,,0
HAD,6,Isack Hadjar,6,+0.438s,31,11,+0.676s,31,11,+0.852s,22,9,Racing Bulls,01:12.2,01:12.0,01:11.9,21,0,0,16,69,+1 lap,0,19,51,15:09:25,01:16.3,205.783,R10_canada_2025,,,,,,,,,,,,0
HAM,44,Lewis Hamilton,5,+0.427s,30,8,+0.530s,34,4,+0.251s,26,5,Ferrari,01:12.0,01:11.9,01:11.5,27,5,01:11.5,6,70,+10.713s,8,9,64,15:25:10,01:14.8,209.873,R10_canada_2025,,,,,,,,,,,,8
HUL,22,Nico Hulkenberg,0,0,0,0,0,0,0,0,0,0,Kick Sauber,0,0,0,0,11,01:12.2,0,0,0,0,0,0,0,0,0,R10_canada_2025,,,,,,,,,,,,0
HUL,27,Nico Hulkenberg,20,+1.628s,28,14,+0.791s,33,18,+1.273s,19,13,Kick Sauber,01:12.3,01:12.2,0,18,0,0,8,70,+15.364s,4,14,65,15:26:53,01:15.4,208.294,R10_canada_2025,,,,,,,,,,,,4
LAW,30,Liam Lawson,8,+0.544s,30,10,+0.628s,30,13,+0.992s,27,19,Racing Bulls,01:12.5,0,0,10,19,01:12.5,NC,53,DNF,0,20,53,15:11:02,01:16.3,205.707,R10_canada_2025,,,,,,,,,,,,0
LEC,16,Charles Leclerc,10,+0.692s,9,0,0,0,2,+0.078s,29,8,Ferrari,01:12.0,01:11.6,01:11.7,27,8,01:11.7,5,70,+3.442s,10,4,57,15:16:03,01:14.3,211.411,R10_canada_2025,,,,,,,,,,,,10
NOR,4,Lando Norris,7,+0.458s,30,2,+0.028s,32,1,01:11.8,24,7,McLaren,01:11.8,01:11.6,01:11.6,22,7,01:11.6,18,66,DNF,0,2,65,15:25:46,01:14.2,211.502,R10_canada_2025,,,,,,,,,,,,0
OCO,31,Esteban Ocon,18,+1.412s,23,17,+1.052s,33,16,+1.028s,22,15,Haas,01:12.4,01:12.6,0,21,0,0,9,69,+1 lap,2,8,62,15:22:06,01:14.6,210.47,R10_canada_2025,,,,,,,,,,,,2
OCO,87,Esteban Ocon,0,0,0,0,0,0,0,0,0,0,Haas,0,0,0,0,14,01:12.6,0,0,0,0,0,0,0,0,0,R10_canada_2025,,,,,,,,,,,,0
PIA,81,Oscar Piastri,14,+1.005s,28,6,+0.439s,32,8,+0.720s,18,3,McLaren,01:11.9,01:11.7,01:11.1,23,3,01:11.1,4,70,+2.109s,12,3,64,15:24:32,01:14.3,211.428,R10_canada_2025,,,,,,,,,,,,12
RUS,63,George Russell,4,+0.342s,29,1,01:12.1,33,3,+0.151s,20,1,Mercedes,01:12.1,01:11.6,01:10.9,21,1,01:10.9,1,70,31:52.7,25,1,63,15:23:12,01:14.1,211.816,R10_canada_2025,,,,,,,,,,,,25
SAI,5,Carlos Sainz,0,0,0,0,0,0,0,0,0,0,Williams,0,0,0,0,16,01:12.4,0,0,0,0,0,0,0,0,0,R10_canada_2025,,,,,,,,,,,,0
SAI,55,Carlos Sainz,3,+0.082s,31,7,+0.508s,37,9,+0.720s,22,17,Williams,01:12.4,0,0,13,0,0,10,69,+1 lap,1,6,60,15:19:38,01:14.4,211.047,R10_canada_2025,,,,,,,,,,,,1
STR,18,Lance Stroll,15,+1.010s,25,19,0,2,14,+0.995s,28,18,Aston Martin,01:12.5,0,0,12,0,0,17,69,+1 lap,0,10,58,15:17:27,01:14.9,209.601,R10_canada_2025,,,,,,,,,,,,0
STR,55,Lance Stroll,0,0,0,0,0,0,0,0,0,0,Aston Martin,0,0,0,0,17,01:12.5,0,0,0,0,0,0,0,0,0,R10_canada_2025,,,,,,,,,,,,0
TSU,18,Yuki Tsunoda,0,0,0,0,0,0,0,0,0,0,Red Bull Racing,0,0,0,0,18,01:12.1,0,0,0,0,0,0,0,0,0,R10_canada_2025,,,,,,,,,,,,0
TSU,22,Yuki Tsunoda,11,+0.734s,27,15,+0.816s,35,20,+1.774s,14,11,Red Bull Racing,01:12.3,01:12.1,0,15,0,0,12,69,+1 lap,0,13,60,15:19:45,01:15.4,208.333,R10_canada_2025,,,,,,,,,,,,0
VER,1,Max Verstappen,1,01:13.2,28,9,+0.543s,31,5,+0.273s,20,2,Red Bull Racing,01:12.1,01:11.6,01:11.1,20,2,01:11.1,2,70,+0.228s,18,5,62,15:22:00,01:14.3,211.337,R10_canada_2025,,,,,,,,,,,,18
ALB,23,Alexander Albon,7,+0.404s,35,16,+1.185s,37,14,+0.990s,22,12,Williams,01:05.1,01:05.2,0,18,12,01:05.2,NC,15,DNF,0,17,0,15:30:26,01:10.6,220.461,R11_austria_2025,,,,,,,,,,,,0
ALO,14,Fernando Alonso,14,+0.628s,32,9,+0.877s,31,12,+0.919s,21,11,Aston Martin,01:05.2,01:05.1,0,14,11,01:05.1,7,69,+1 lap,6,12,0,16:06:37,01:09.9,222.686,R11_austria_2025,,,,,,,,,,,,6
ANT,12,Kimi Antonelli,11,+0.588s,35,11,+0.957s,35,7,+0.729s,18,9,Mercedes,01:05.2,01:05.1,01:05.3,17,9,01:05.3,NC,0,DNF,0,0,0,0,0,0,R11_austria_2025,,,,,,,,,,,,0
BEA,87,Oliver Bearman,20,+1.196s,30,18,+1.255s,35,16,+1.042s,21,15,Haas,01:05.2,01:05.3,0,15,15,01:05.3,11,69,+1 lap,0,13,0,16:10:25,01:10.0,222.607,R11_austria_2025,,,,,,,,,,,,0
BEG,38,Dino Beganovic,18,+0.827s,32,0,0,0,0,0,0,0,Ferrari,0,0,0,0,0,0,0,0,0,0,0,0,0,0,0,R11_austria_2025,,,,,,,,,,,,0
BOR,5,Gabriel Bortoleto,6,+0.332s,35,8,+0.831s,31,10,+0.858s,18,8,Kick Sauber,01:05.1,01:04.8,01:05.1,21,8,01:05.1,8,69,+1 lap,4,6,0,16:31:20,01:09.2,224.899,R11_austria_2025,,,,,,,,,,,,4
COL,43,Franco Colapinto,16,+0.704s,34,20,+1.596s,34,19,+1.222s,26,14,Alpine,01:05.3,01:05.3,0,15,14,01:05.3,15,69,+1 lap,0,10,0,16:12:57,01:09.6,223.691,R11_austria_2025,,,,,,,,,,,,0
DUN,89,Alexander Dunne,4,+0.224s,29,0,0,0,0,0,0,0,McLaren,0,0,0,0,0,0,0,0,0,0,0,0,0,0,0,R11_austria_2025,,,,,,,,,,,,0
GAS,10,Pierre Gasly,5,+0.238s,34,14,+1.033s,36,17,+1.042s,26,10,Alpine,01:05.1,01:04.8,01:05.6,21,10,01:05.6,13,69,+1 lap,0,15,0,16:15:10,01:10.2,222.001,R11_austria_2025,,,,,,,,,,,,0
HAD,6,Isack Hadjar,10,+0.568s,33,13,+0.967s,34,20,+1.699s,18,13,Racing Bulls,01:05.1,01:05.2,0,12,13,01:05.2,12,69,+1 lap,0,16,0,16:07:50,01:10.2,221.833,R11_austria_2025,,,,,,,,,,,,0
HAM,44,Lewis Hamilton,9,+0.557s,20,10,+0.931s,34,5,+0.466s,23,4,Ferrari,01:05.1,01:04.9,01:04.6,21,4,01:04.6,4,70,+29.020s,12,3,0,16:22:41,01:08.6,226.927,R11_austria_2025,,,,,,,,,,,,12
HUL,27,Nico Hulkenberg,12,+0.598s,32,19,+1.338s,35,13,+0.959s,18,20,Kick Sauber,01:05.6,0,0,9,20,01:05.6,9,69,+1 lap,2,8,0,16:27:54,01:09.5,224.212,R11_austria_2025,,,,,,,,,,,,2
LAW,30,Liam Lawson,15,+0.647s,34,12,+0.963s,31,11,+0.858s,19,6,Racing Bulls,01:05.0,01:05.0,01:04.9,17,6,01:04.9,6,70,+67.754s,8,14,0,16:28:52,01:10.0,222.553,R11_austria_2025,,,,,,,,,,,,8
LEC,16,Charles Leclerc,0,0,0,5,+0.610s,32,4,+0.250s,20,2,Ferrari,01:05.2,01:04.7,01:04.5,21,2,01:04.5,3,70,+19.820s,15,4,0,16:26:00,01:08.8,226.475,R11_austria_2025,,,,,,,,,,,,15
NOR,4,Lando Norris,0,0,0,1,01:04.6,35,1,01:04.3,21,1,McLaren,01:04.7,01:04.4,01:04.0,18,1,01:04.0,1,70,23:47.7,25,2,0,16:31:27,01:08.3,228.111,R11_austria_2025,,,,,,,,,,,,25
OCO,31,Esteban Ocon,19,+0.968s,32,15,+1.118s,31,18,+1.195s,21,17,Haas,01:05.4,0,0,9,17,01:05.4,10,69,+1 lap,1,9,0,16:25:37,01:09.6,223.919,R11_austria_2025,,,,,,,,,,,,1
PIA,81,Oscar Piastri,3,+0.155s,33,2,+0.157s,35,2,+0.118s,20,3,McLaren,01:05.0,01:04.6,01:04.6,19,3,01:04.6,2,70,+2.695s,18,1,0,16:29:12,01:07.9,229.279,R11_austria_2025,,,,,,,,,,,,18
RUS,63,George Russell,1,01:05.5,34,6,+0.649s,34,6,+0.694s,18,5,Mercedes,01:05.2,01:04.9,01:04.8,18,5,01:04.8,5,70,+62.396s,10,7,0,16:16:01,01:09.4,224.494,R11_austria_2025,,,,,,,,,,,,10
SAI,55,Carlos Sainz,8,+0.475s,33,17,+1.234s,37,15,+1.002s,21,19,Williams,01:05.6,0,0,12,19,01:05.6,NC,0,DNS,0,0,0,0,0,0,R11_austria_2025,,,,,,,,,,,,0
STR,18,Lance Stroll,13,+0.618s,32,4,+0.442s,32,8,+0.738s,20,16,Aston Martin,01:05.3,0,0,9,16,01:05.3,14,69,+1 lap,0,5,0,16:26:05,01:09.2,225.006,R11_austria_2025,,,,,,,,,,,,0
TSU,22,Yuki Tsunoda,17,+0.720s,30,7,+0.712s,31,9,+0.815s,17,18,Red Bull Racing,01:05.4,0,0,6,18,01:05.4,16,68,+2 laps,0,11,0,16:34:45,01:09.8,223.111,R11_austria_2025,,,,,,,,,,,,0
VER,1,Max Verstappen,2,+0.065s,30,3,+0.318s,24,3,+0.210s,28,7,Red Bull Racing,01:05.1,01:04.8,01:04.9,18,7,01:04.9,NC,0,DNF,0,0,0,0,0,0,R11_austria_2025,,,,,,,,,,,,0
ALB,23,Alexander Albon,7,+0.412s,30,11,+1.024s,30,7,+0.621s,15,14,Williams,01:26.1,01:25.9,0,13,0,0,8,52,+64.135s,4,4,50,16:39:08,01:30.0,186.836,R12_great-britain_2025,,,,,,,,,,,,4
ALB,6,Alexander Albon,0,0,0,0,0,0,0,0,0,0,Williams,0,0,0,0,13,01:25.9,0,0,0,0,0,0,0,0,0,R12_great-britain_2025,,,,,,,,,,,,0
ALO,12,Fernando Alonso,0,0,0,0,0,0,0,0,0,0,Aston Martin,0,0,0,0,7,01:25.6,0,0,0,0,0,0,0,0,0,R12_great-britain_2025,,,,,,,,,,,,0
ALO,14,Fernando Alonso,11,+0.786s,24,12,+1.060s,24,17,+1.396s,16,9,Aston Martin,01:26.1,01:25.6,01:25.6,15,0,0,9,52,+65.858s,2,6,49,16:37:36,01:30.4,186.782,R12_great-britain_2025,,,,,,,,,,,,2
ANT,10,Kimi Antonelli,0,0,0,0,0,0,0,0,0,0,Mercedes,0,0,0,0,10,01:25.4,0,0,0,0,0,0,0,0,0,R12_great-britain_2025,,,,,,,,,,,,0
ANT,12,Kimi Antonelli,9,+0.475s,25,6,+0.567s,28,14,+0.924s,12,7,Mercedes,01:26.3,01:25.6,01:25.4,18,0,0,NC,23,DNF,0,17,8,15:20:21,01:45.6,162.478,R12_great-britain_2025,,,,,,,,,,,,0
ARO,97,Paul Aron,17,+1.250s,25,0,0,0,0,0,0,0,Mercedes,0,0,0,0,0,0,0,0,0,0,0,0,0,0,0,R12_great-britain_2025,,,,,,,,,,,,0
BEA,18,Oliver Bearman,0,0,0,0,0,0,0,0,0,0,Haas,0,0,0,0,18,01:25.5,0,0,0,0,0,0,0,0,0,R12_great-britain_2025,,,,,,,,,,,,0
BEA,87,Oliver Bearman,18,+1.255s,24,19,+1.410s,27,6,+0.614s,13,8,Haas,01:26.0,01:25.5,01:25.5,18,0,0,11,52,+72.095s,0,13,50,16:39:13,01:30.9,186.585,R12_great-britain_2025,,,,,,,,,,,,0
BOR,30,Gabriel Bortoleto,0,0,0,0,0,0,0,0,0,0,Kick Sauber,0,0,0,0,16,01:26.4,0,0,0,0,0,0,0,0,0,R12_great-britain_2025,,,,,,,,,,,,0
BOR,5,Gabriel Bortoleto,20,+1.505s,23,13,+1.088s,27,16,+1.003s,15,17,Kick Sauber,01:26.4,0,0,9,0,0,NC,3,DNF,0,18,3,15:10:38,02:16.1,154.338,R12_great-britain_2025,,,,,,,,,,,,0
COL,43,Franco Colapinto,16,+1.194s,27,20,+1.473s,29,18,+2.099s,14,20,Alpine,01:27.1,0,0,6,20,01:27.1,NC,0,DNS,0,0,0,0,0,0,R12_great-britain_2025,,,,,,,,,,,,0
GAS,10,Pierre Gasly,19,+1.440s,23,18,+1.358s,24,20,+2.380s,16,10,Alpine,01:26.3,01:25.7,01:25.8,21,0,0,6,52,+59.857s,8,8,48,16:36:00,01:30.8,186.972,R12_great-britain_2025,,,,,,,,,,,,8
GAS,87,Pierre Gasly,0,0,0,0,0,0,0,0,0,0,Alpine,0,0,0,0,8,01:25.8,0,0,0,0,0,0,0,0,0,R12_great-britain_2025,,,,,,,,,,,,0
HAD,22,Isack Hadjar,0,0,0,0,0,0,0,0,0,0,Racing Bulls,0,0,0,0,12,01:25.9,0,0,0,0,0,0,0,0,0,R12_great-britain_2025,,,,,,,,,,,,0
HAD,6,Isack Hadjar,6,+0.325s,28,9,+0.708s,27,9,+0.631s,14,13,Racing Bulls,01:26.2,01:25.9,0,12,0,0,NC,17,DNF,0,16,9,15:22:05,01:41.7,166.427,R12_great-britain_2025,,,,,,,,,,,,0
HAM,44,Lewis Hamilton,1,01:26.9,26,3,+0.301s,29,11,+0.834s,17,5,Ferrari,01:26.3,01:25.1,01:25.1,19,5,01:25.1,4,52,+39.812s,12,3,49,16:37:12,01:30.0,187.61,R12_great-britain_2025,,,,,,,,,,,,12
HUL,27,Nico Hulkenberg,0,0,0,17,+1.349s,29,15,+1.001s,19,19,Kick Sauber,01:26.6,0,0,9,19,01:26.6,3,52,+34.742s,15,14,51,16:40:08,01:30.9,187.772,R12_great-britain_2025,,,,,,,,,,,,15
LAW,30,Liam Lawson,8,+0.459s,27,10,+0.808s,28,10,+0.758s,14,16,Racing Bulls,01:26.4,0,0,6,0,0,NC,0,DNF,0,0,0,0,0,0,R12_great-britain_2025,,,,,,,,,,,,0
LAW,31,Liam Lawson,0,0,0,0,0,0,0,0,0,0,Red Bull Racing,0,0,0,0,15,01:26.4,0,0,0,0,0,0,0,0,0,R12_great-britain_2025,,,,,,,,,,,,0
LEC,16,Charles Leclerc,4,+0.203s,26,2,+0.222s,29,1,01:25.5,14,6,Ferrari,01:26.2,01:25.1,01:25.1,21,6,01:25.1,14,52,+84.477s,0,10,50,16:39:26,01:30.8,186.194,R12_great-britain_2025,,,,,,,,,,,,0
LIN,36,Arvid Lindblad,14,+1.066s,22,0,0,0,0,0,0,0,Racing Bulls,0,0,0,0,0,0,0,0,0,0,0,0,0,0,0,R12_great-britain_2025,,,,,,,,,,,,0
NOR,4,Lando Norris,2,+0.023s,26,1,01:25.8,26,4,+0.108s,17,3,McLaren,01:26.1,01:25.2,01:25.0,20,3,01:25.0,1,52,37:15.7,25,2,48,16:35:04,01:29.7,188.89,R12_great-britain_2025,,,,,,,,,,,,25
OCO,23,Esteban Ocon,0,0,0,0,0,0,0,0,0,0,Haas,0,0,0,0,14,01:26.0,0,0,0,0,0,0,0,0,0,R12_great-britain_2025,,,,,,,,,,,,0
OCO,31,Esteban Ocon,15,+1.165s,23,14,+1.125s,26,13,+0.879s,12,15,Haas,01:26.1,01:26.0,0,12,0,0,13,52,+77.301s,0,9,52,16:42:22,01:30.8,186.42,R12_great-britain_2025,,,,,,,,,,,,0
PIA,81,Oscar Piastri,3,+0.150s,28,4,+0.470s,27,2,+0.068s,14,2,McLaren,01:26.0,01:25.3,01:25.0,21,2,01:25.0,2,52,+6.812s,18,1,51,16:39:39,01:29.3,188.669,R12_great-britain_2025,,,,,,,,,,,,18
RUS,63,George Russell,5,+0.271s,25,8,+0.707s,27,8,+0.627s,13,4,Mercedes,01:26.2,01:25.6,01:25.0,19,4,01:25.0,10,52,+70.674s,1,11,51,16:40:44,01:30.9,186.629,R12_great-britain_2025,,,,,,,,,,,,1
SAI,14,Carlos Sainz,0,0,0,0,0,0,0,0,0,0,Williams,0,0,0,0,9,01:25.7,0,0,0,0,0,0,0,0,0,R12_great-britain_2025,,,,,,,,,,,,0
SAI,55,Carlos Sainz,13,+1.017s,26,16,+1.343s,27,12,+0.834s,16,11,Williams,01:26.2,01:25.7,0,12,0,0,12,52,+76.592s,0,7,52,16:42:21,01:30.6,186.443,R12_great-britain_2025,,,,,,,,,,,,0
STR,18,Lance Stroll,12,+0.952s,22,7,+0.614s,24,19,+2.102s,14,18,Aston Martin,01:26.5,0,0,9,0,0,7,52,+60.603s,6,15,50,16:38:59,01:32.1,186.948,R12_great-britain_2025,,,,,,,,,,,,6
STR,5,Lance Stroll,0,0,0,0,0,0,0,0,0,0,Aston Martin,0,0,0,0,17,01:26.5,0,0,0,0,0,0,0,0,0,R12_great-britain_2025,,,,,,,,,,,,0
TSU,22,Yuki Tsunoda,0,0,0,15,+1.164s,25,5,+0.606s,13,12,Red Bull Racing,01:26.3,01:25.8,0,13,0,0,15,51,+1 lap,0,12,50,16:38:34,01:30.9,184.237,R12_great-britain_2025,,,,,,,,,,,,0
TSU,55,Yuki Tsunoda,0,0,0,0,0,0,0,0,0,0,Red Bull Racing,0,0,0,0,11,01:25.8,0,0,0,0,0,0,0,0,0,R12_great-britain_2025,,,,,,,,,,,,0
VER,1,Max Verstappen,10,+0.540s,26,5,+0.498s,23,3,+0.087s,14,1,Red Bull Racing,01:25.9,01:25.3,01:24.9,18,1,01:24.9,5,52,+56.781s,10,5,49,16:37:29,01:30.2,187.069,R12_great-britain_2025,,,,,,,,,,,,10
ALB,23,Alexander Albon,12,+1.239s,24,,,,,,,5,Williams,01:41.8,01:41.5,01:41.2,20,5,01:41.2,6,44,+39.926s,8,15,38,17:35:20,01:46.8,214.814,R13_belgium_2025,16,15,+30.941s,0,16,01:43.2,16,01:43.2,0,0,6,8
ALO,14,Fernando Alonso,9,+1.098s,22,,,,,,,19,Aston Martin,01:42.4,0,0,8,0,0,17,44,+87.924s,0,5,32,17:25:24,01:45.8,212.835,R13_belgium_2025,14,15,+29.046s,0,14,01:42.5,14,01:42.4,01:42.5,0,7,0
ALO,18,Fernando Alonso,0,0,0,,,,,,,0,Aston Martin,0,0,0,0,20,01:42.4,0,0,0,0,0,0,0,0,0,R13_belgium_2025,0,0,0,0,0,0,0,0,0,0,0,0
ANT,12,Kimi Antonelli,6,+0.957s,23,,,,,,,18,Mercedes,01:42.1,0,0,6,0,0,16,44,+86.721s,0,1,32,17:25:22,01:44.9,212.885,R13_belgium_2025,17,15,+31.981s,0,19,01:45.4,20,01:45.4,0,0,6,0
ANT,14,Kimi Antonelli,0,0,0,,,,,,,0,Mercedes,0,0,0,0,19,01:42.1,0,0,0,0,0,0,0,0,0,R13_belgium_2025,0,0,0,0,0,0,0,0,0,0,0,0
BEA,87,Oliver Bearman,20,+3.055s,22,,,,,,,12,Haas,01:41.6,01:41.6,0,13,12,01:41.6,11,44,+73.145s,0,13,43,17:44:48,01:46.7,213.441,R13_belgium_2025,7,15,+18.610s,2,7,01:41.9,7,01:43.0,01:42.0,01:41.9,12,2
BOR,5,Gabriel Bortoleto,13,+1.240s,25,,,,,,,10,Kick Sauber,01:41.9,01:41.3,01:42.4,18,10,01:42.4,9,44,+56.434s,2,16,41,17:40:57,01:47.0,214.13,R13_belgium_2025,9,15,+22.183s,0,10,01:42.2,10,01:42.8,01:41.9,01:42.2,12,2
COL,43,Franco Colapinto,19,+2.825s,21,,,,,,,17,Alpine,01:42.0,0,0,8,0,0,19,44,+95.250s,0,8,30,17:22:00,01:46.1,212.537,R13_belgium_2025,19,15,+38.072s,0,20,01:43.6,19,01:43.6,0,0,6,0
COL,55,Franco Colapinto,0,0,0,,,,,,,0,Alpine,0,0,0,0,15,01:42.0,0,0,0,0,0,0,0,0,0,R13_belgium_2025,0,0,0,0,0,0,0,0,0,0,0,0
GAS,10,Pierre Gasly,17,+1.907s,21,,,,,,,13,Alpine,01:41.8,01:41.6,0,14,13,01:41.6,10,44,+72.714s,1,17,42,17:43:00,01:47.2,213.459,R13_belgium_2025,NC,12,DNF,0,8,01:42.0,8,01:43.2,01:41.9,01:42.0,12,1
HAD,6,Isack Hadjar,10,+1.100s,19,,,,,,,8,Racing Bulls,01:41.6,01:41.3,01:41.3,19,8,01:41.3,20,43,+1 lap,0,20,44,17:45:35,01:47.7,211.033,R13_belgium_2025,8,15,+19.119s,1,9,01:42.0,9,01:42.7,01:42.1,01:42.0,11,1
HAM,12,Lewis Hamilton,0,0,0,,,,,,,0,Ferrari,0,0,0,0,18,01:41.9,0,0,0,0,0,0,0,0,0,R13_belgium_2025,0,0,0,0,0,0,0,0,0,0,0,0
HAM,44,Lewis Hamilton,7,+1.063s,24,,,,,,,16,Ferrari,01:41.9,0,0,8,0,0,7,44,+40.679s,6,10,43,17:44:16,01:46.5,214.783,R13_belgium_2025,15,15,+30.175s,0,18,01:43.4,18,01:43.4,0,0,6,6
HUL,27,Nico Hulkenberg,14,+1.448s,20,,,,,,,14,Kick Sauber,01:41.8,01:41.7,0,14,14,01:41.7,12,44,+73.628s,0,2,39,17:37:43,01:45.1,213.421,R13_belgium_2025,18,15,+32.867s,0,17,01:43.2,17,01:43.2,0,0,6,0
LAW,30,Liam Lawson,15,+1.456s,21,,,,,,,9,Racing Bulls,01:41.7,01:41.3,01:41.3,20,9,01:41.3,8,44,+52.033s,4,12,38,17:35:32,01:46.6,214.312,R13_belgium_2025,10,15,+22.897s,0,11,01:42.2,11,01:42.9,01:42.2,0,9,4
LEC,16,Charles Leclerc,5,+0.906s,22,,,,,,,3,Ferrari,01:41.6,01:41.1,01:40.9,18,3,01:40.9,3,44,+20.185s,15,9,40,17:38:36,01:46.2,215.639,R13_belgium_2025,4,15,+10.176s,5,4,01:41.3,4,01:42.8,01:41.8,01:41.3,12,20
NOR,4,Lando Norris,3,+0.504s,22,,,,,,,1,McLaren,01:41.0,01:40.7,01:40.6,20,1,01:40.6,2,44,+3.415s,18,3,42,17:41:52,01:45.3,216.344,R13_belgium_2025,3,15,+1.414s,6,3,01:41.1,3,01:42.1,01:41.4,01:41.1,12,24
OCO,31,Esteban Ocon,16,+1.548s,22,,,,,,,11,Haas,01:41.9,01:41.5,0,14,11,01:41.5,15,44,+86.063s,0,14,44,17:46:48,01:46.7,212.912,R13_belgium_2025,5,15,+13.789s,4,5,01:41.6,5,01:42.8,01:41.8,01:41.6,12,4
PIA,81,Oscar Piastri,1,01:42.0,23,,,,,,,2,McLaren,01:41.2,01:40.6,01:40.6,21,2,01:40.6,1,44,25:22.6,25,4,43,17:43:34,01:45.7,216.489,R13_belgium_2025,2,15,+0.753s,7,1,01:40.5,1,01:41.8,01:42.1,01:40.5,11,32
RUS,63,George Russell,4,+0.576s,27,,,,,,,6,Mercedes,01:41.8,01:41.3,01:41.3,18,6,01:41.3,5,44,+34.863s,10,11,43,17:44:10,01:46.6,215.025,R13_belgium_2025,12,15,+25.969s,0,13,01:42.3,13,01:42.7,01:42.3,0,8,10
SAI,43,Carlos Sainz,0,0,0,,,,,,,0,Williams,0,0,0,0,17,01:41.8,0,0,0,0,0,0,0,0,0,R13_belgium_2025,0,0,0,0,0,0,0,0,0,0,0,0
SAI,55,Carlos Sainz,11,+1.195s,16,,,,,,,15,Williams,01:41.7,01:41.8,0,13,0,0,18,44,+92.024s,0,6,30,17:21:58,01:46.1,212.668,R13_belgium_2025,6,15,+14.964s,3,6,01:41.8,6,01:42.8,01:42.1,01:41.8,11,3
STR,18,Lance Stroll,8,+1.090s,17,,,,,,,20,Aston Martin,01:42.5,0,0,8,0,0,14,44,+79.831s,0,18,38,17:35:57,01:47.2,213.167,R13_belgium_2025,13,15,+26.595s,0,15,01:42.8,15,01:42.7,01:42.8,0,8,0
STR,44,Lance Stroll,0,0,0,,,,,,,0,Aston Martin,0,0,0,0,16,01:42.5,0,0,0,0,0,0,0,0,0,R13_belgium_2025,0,0,0,0,0,0,0,0,0,0,0,0
TSU,22,Yuki Tsunoda,18,+2.470s,23,,,,,,,7,Red Bull Racing,01:41.8,01:41.2,01:41.3,17,7,01:41.3,13,44,+75.395s,0,19,42,17:43:01,01:47.2,213.348,R13_belgium_2025,11,15,+24.551s,0,12,01:42.2,12,01:42.9,01:42.2,0,9,0
VER,1,Max Verstappen,2,+0.404s,23,,,,,,,4,Red Bull Racing,01:41.3,01:41.0,01:40.9,15,4,01:40.9,4,44,+21.731s,12,7,40,17:38:37,01:46.1,215.574,R13_belgium_2025,1,15,26:38.0,8,2,01:41.0,2,01:42.0,01:41.6,01:41.0,9,20
ALB,23,Alexander Albon,11,+0.932s,28,18,+1.397s,30,16,+1.614s,20,20,Williams,01:16.2,0,0,9,0,0,15,69,+1 lap,0,14,50,16:11:42,01:20.8,188.927,R14_hungary_2025,,,,,,,,,,,,0
ALB,27,Alexander Albon,0,0,0,0,0,0,0,0,0,0,Williams,0,0,0,0,19,01:16.2,0,0,0,0,0,0,0,0,0,R14_hungary_2025,,,,,,,,,,,,0
ALO,14,Fernando Alonso,0,0,0,5,+0.609s,25,6,+0.878s,18,5,Aston Martin,01:15.3,01:15.4,01:15.5,15,5,01:15.5,5,70,+59.040s,10,8,54,16:17:54,01:20.1,190.971,R14_hungary_2025,,,,,,,,,,,,10
ANT,12,Kimi Antonelli,7,+0.828s,26,10,+0.896s,26,5,+0.829s,18,15,Mercedes,01:15.8,01:16.4,0,9,15,01:16.4,10,69,+1 lap,1,13,54,16:18:10,01:20.7,189.931,R14_hungary_2025,,,,,,,,,,,,1
ARO,97,Paul Aron,20,+3.736s,9,0,0,0,0,0,0,0,Mercedes,0,0,0,0,0,0,0,0,0,0,0,0,0,0,0,R14_hungary_2025,,,,,,,,,,,,0
BEA,87,Oliver Bearman,6,+0.826s,26,11,+0.943s,27,11,+1.211s,17,11,Haas,01:15.8,01:15.7,0,12,11,01:15.7,NC,48,DNF,0,20,37,15:55:06,01:22.0,187.361,R14_hungary_2025,,,,,,,,,,,,0
BOR,5,Gabriel Bortoleto,19,+1.600s,17,17,+1.322s,29,9,+1.062s,19,7,Kick Sauber,01:15.6,01:15.7,01:15.7,18,7,01:15.7,6,70,+66.169s,8,11,48,16:09:52,01:20.7,190.736,R14_hungary_2025,,,,,,,,,,,,8
COL,43,Franco Colapinto,18,+1.412s,29,20,+1.535s,29,13,+1.331s,21,14,Alpine,01:15.9,01:16.2,0,12,14,01:16.2,18,69,+1 lap,0,16,38,15:55:24,01:20.8,188.623,R14_hungary_2025,,,,,,,,,,,,0
DRU,34,Felipe Drugovich,16,+1.217s,26,0,0,0,0,0,0,0,Aston Martin,0,0,0,0,0,0,0,0,0,0,0,0,0,0,0,R14_hungary_2025,,,,,,,,,,,,0
GAS,10,Pierre Gasly,13,+1.071s,27,19,+1.419s,25,18,+1.654s,22,17,Alpine,01:16.0,0,0,6,0,0,19,69,+1 lap,0,18,46,16:07:29,01:21.4,188.33,R14_hungary_2025,,,,,,,,,,,,0
GAS,22,Pierre Gasly,0,0,0,0,0,0,0,0,0,0,Alpine,0,0,0,0,16,01:16.0,0,0,0,0,0,0,0,0,0,R14_hungary_2025,,,,,,,,,,,,0
HAD,6,Isack Hadjar,4,+0.629s,31,8,+0.803s,30,20,+2.040s,18,10,Racing Bulls,01:15.5,01:15.5,01:15.9,15,10,01:15.9,11,69,+1 lap,0,15,48,16:10:06,01:20.8,189.903,R14_hungary_2025,,,,,,,,,,,,0
HAM,44,Lewis Hamilton,5,+0.682s,28,6,+0.705s,28,4,+0.768s,18,12,Ferrari,01:15.7,01:15.7,0,12,12,01:15.7,12,69,+1 lap,0,7,55,16:19:36,01:20.0,189.858,R14_hungary_2025,,,,,,,,,,,,0
HUL,27,Nico Hulkenberg,0,0,0,12,+1.056s,31,10,+1.109s,21,19,Kick Sauber,01:16.1,0,0,6,0,0,13,69,+1 lap,0,6,68,16:36:16,01:20.0,189.151,R14_hungary_2025,,,,,,,,,,,,0
HUL,31,Nico Hulkenberg,0,0,0,0,0,0,0,0,0,0,Kick Sauber,0,0,0,0,18,01:16.1,0,0,0,0,0,0,0,0,0,R14_hungary_2025,,,,,,,,,,,,0
LAW,30,Liam Lawson,14,+1.132s,29,15,+1.188s,29,14,+1.455s,21,9,Racing Bulls,01:15.8,01:15.6,01:15.8,18,9,01:15.8,8,70,+69.451s,4,10,56,16:20:43,01:20.5,190.628,R14_hungary_2025,,,,,,,,,,,,4
LEC,16,Charles Leclerc,3,+0.217s,28,3,+0.399s,28,3,+0.399s,17,1,Ferrari,01:15.6,01:15.5,01:15.4,18,1,01:15.4,4,70,+42.560s,12,9,47,16:07:44,01:20.4,191.517,R14_hungary_2025,,,,,,,,,,,,12
NOR,4,Lando Norris,1,01:16.1,26,1,01:15.6,27,2,+0.032s,20,3,McLaren,01:15.5,01:14.9,01:15.4,18,3,01:15.4,1,70,35:21.2,25,5,57,16:21:01,01:19.9,192.942,R14_hungary_2025,,,,,,,,,,,,25
OCO,10,Esteban Ocon,0,0,0,0,0,0,0,0,0,0,Haas,0,0,0,0,17,01:16.0,0,0,0,0,0,0,0,0,0,R14_hungary_2025,,,,,,,,,,,,0
OCO,31,Esteban Ocon,12,+0.952s,26,13,+1.080s,29,17,+1.615s,18,18,Haas,01:16.0,0,0,6,0,0,16,69,+1 lap,0,19,17,15:27:20,01:21.9,188.693,R14_hungary_2025,,,,,,,,,,,,0
PIA,81,Oscar Piastri,2,+0.019s,30,2,+0.291s,30,1,01:14.9,17,2,McLaren,01:15.2,01:14.9,01:15.4,18,2,01:15.4,2,70,+0.698s,18,2,56,16:19:46,01:19.4,192.918,R14_hungary_2025,,,,,,,,,,,,18
RUS,63,George Russell,8,+0.873s,26,7,+0.793s,27,8,+0.924s,17,4,Mercedes,01:15.6,01:15.2,01:15.4,15,4,01:15.4,3,70,+21.916s,15,1,45,16:05:15,01:19.4,192.206,R14_hungary_2025,,,,,,,,,,,,15
SAI,55,Carlos Sainz,15,+1.143s,31,16,+1.250s,32,15,+1.526s,19,13,Williams,01:15.7,01:15.8,0,15,13,01:15.8,14,69,+1 lap,0,4,54,16:17:18,01:19.8,189.084,R14_hungary_2025,,,,,,,,,,,,0
STR,18,Lance Stroll,10,+0.906s,25,4,+0.495s,28,7,+0.912s,21,6,Aston Martin,01:15.7,01:15.1,01:15.5,18,6,01:15.5,7,70,+68.174s,6,12,55,16:19:21,01:20.7,190.67,R14_hungary_2025,,,,,,,,,,,,6
TSU,22,Yuki Tsunoda,17,+1.341s,27,9,+0.861s,30,19,+1.962s,19,16,Red Bull Racing,01:15.9,0,0,6,0,0,17,69,+1 lap,0,17,47,16:07:40,01:21.2,188.637,R14_hungary_2025,,,,,,,,,,,,0
TSU,23,Yuki Tsunoda,0,0,0,0,0,0,0,0,0,0,Red Bull Racing,0,0,0,0,20,01:15.9,0,0,0,0,0,0,0,0,0,R14_hungary_2025,,,,,,,,,,,,0
VER,1,Max Verstappen,9,+0.888s,25,14,+1.167s,25,12,+1.246s,19,8,Red Bull Racing,01:15.7,01:15.5,01:15.7,18,8,01:15.7,9,70,+72.645s,2,3,50,16:12:43,01:19.6,190.523,R14_hungary_2025,,,,,,,,,,,,2
